;data;Dólar;ano;mês;variação
0;1953.01;6,6836e-15;1953;01;
1;1953.02;1,3378e-14;1953;02;1,001615895625112
2;1953.03;1,3378e-14;1953;03;0,0
3;1953.04;1,4884e-14;1953;04;0,11257288084915551
4;1953.05;1,4276e-14;1953;05;-0,04084923407686103
5;1953.06;1,567e-14;1953;06;0,09764639955169518
6;1953.07;1,5846e-14;1953;07;0,011231652839821304
7;1953.08;1,4425e-14;1953;08;-0,08967562791871775
8;1953.09;1,3632e-14;1953;09;-0,0549740034662044
9;1953.10;1,3491e-14;1953;10;-0,010343309859154992
10;1953.11;1,3659e-14;1953;11;0,012452746275294801
11;1953.12;1,8587e-14;1953;12;0,36078775898674853
12;1954.01;1,9783e-14;1954;01;0,06434604831333735
13;1954.02;1,9416e-14;1954;02;-0,01855128140322493
14;1954.03;2,125e-14;1954;03;0,09445817882159036
15;1954.04;2,0508e-14;1954;04;-0,03491764705882361
16;1954.05;1,8416e-14;1954;05;-0,1020089721084455
17;1954.06;2,0012e-14;1954;06;0,08666377063423125
18;1954.07;2,0422e-14;1954;07;0,020487707375574482
19;1954.08;2,1288e-14;1954;08;0,04240524924101474
20;1954.09;2,177e-14;1954;09;0,02264186396091694
21;1954.10;2,255e-14;1954;10;0,035829122645842704
22;1954.11;2,3339e-14;1954;11;0,034988913525499044
23;1954.12;2,5331e-14;1954;12;0,08535070054415361
24;1955.01;2,6158e-14;1955;01;0,032647743871145884
25;1955.02;2,5468e-14;1955;02;-0,026378163468155025
26;1955.03;2,5847e-14;1955;03;0,014881419820951702
27;1955.04;2,6739e-14;1955;04;0,03451077494486787
28;1955.05;2,6909e-14;1955;05;0,006357754590672782
29;1955.06;2,6897e-14;1955;06;-0,00044594745252513057
30;1955.07;2,6422e-14;1955;07;-0,017659962077555158
31;1955.08;2,5261e-14;1955;08;-0,04394065551434401
32;1955.09;2,4867e-14;1955;09;-0,01559716559122759
33;1955.10;2,3613e-14;1955;10;-0,05042827844130782
34;1955.11;2,2915e-14;1955;11;-0,029559988142125126
35;1955.12;2,3114e-14;1955;12;0,008684267946759805
36;1956.01;2,3484e-14;1956;01;0,01600761443281118
37;1956.02;2,4357e-14;1956;02;0,03717424629534993
38;1956.03;2,4252e-14;1956;03;-0,004310875723611329
39;1956.04;2,4752e-14;1956;04;0,020616856341745038
40;1956.05;2,5595e-14;1956;05;0,034057853910794966
41;1956.06;2,7636e-14;1956;06;0,0797421371361593
42;1956.07;2,7496e-14;1956;07;-0,005065856129685908
43;1956.08;2,5455e-14;1956;08;-0,07422897876054702
44;1956.09;2,5273e-14;1956;09;-0,0071498723237085615
45;1956.10;2,3636e-14;1956;10;-0,06477268230918365
46;1956.11;2,3612e-14;1956;11;-0,0010154002369268111
47;1956.12;2,2933e-14;1956;12;-0,028756564458749745
48;1957.01;2,3091e-14;1957;01;0,0068896350237648285
49;1957.02;2,3113e-14;1957;02;0,0009527521545191764
50;1957.03;2,3345e-14;1957;03;0,010037641154328591
51;1957.04;2,3057e-14;1957;04;-0,012336688798457951
52;1957.05;2,424e-14;1957;05;0,05130762891963392
53;1957.06;2,5909e-14;1957;06;0,06885313531353132
54;1957.07;2,5126e-14;1957;07;-0,030221158670732162
55;1957.08;2,6306e-14;1957;08;0,04696330494308687
56;1957.09;2,8145e-14;1957;09;0,06990800577814937
57;1957.10;2,9294e-14;1957;10;0,04082430271806725
58;1957.11;3,0825e-14;1957;11;0,052263262101454044
59;1957.12;3,3171e-14;1957;12;0,07610705596107081
60;1958.01;3,3045e-14;1958;01;-0,003798498688613594
61;1958.02;3,5479e-14;1958;02;0,07365713421092446
62;1958.03;3,6807e-14;1958;03;0,03743059274500404
63;1958.04;4,0315e-14;1958;04;0,09530795772543277
64;1958.05;4,6425e-14;1958;05;0,15155649262061255
65;1958.06;4,6558e-14;1958;06;0,002864835756596573
66;1958.07;4,7874e-14;1958;07;0,028265818978478574
67;1958.08;4,9429e-14;1958;08;0,032481096210886795
68;1958.09;5,6224e-14;1958;09;0,137469906330292
69;1958.10;5,2279e-14;1958;10;-0,07016576550939091
70;1958.11;5,0502e-14;1958;11;-0,03399070372424884
71;1958.12;4,9171e-14;1958;12;-0,02635539186566871
72;1959.01;5,1633e-14;1959;01;0,0500701633076408
73;1959.02;5,0578e-14;1959;02;-0,020432669029496697
74;1959.03;4,9767e-14;1959;03;-0,016034639566609887
75;1959.04;4,8655e-14;1959;04;-0,02234412361605076
76;1959.05;4,7676e-14;1959;05;-0,020121261946357105
77;1959.06;4,8985e-14;1959;06;0,027456162429734032
78;1959.07;5,3149e-14;1959;07;0,08500561396345829
79;1959.08;5,4545e-14;1959;08;0,02626578110594746
80;1959.09;5,4545e-14;1959;09;0,0
81;1959.10;5,7476e-14;1959;10;0,053735447795398184
82;1959.11;6,3029e-14;1959;11;0,09661423898670751
83;1959.12;6,5455e-14;1959;12;0,03849021878817682
84;1960.01;6,7004e-14;1960;01;0,023665113436712293
85;1960.02;6,6273e-14;1960;02;-0,010909796430064067
86;1960.03;6,6182e-14;1960;03;-0,0013731082039443177
87;1960.04;6,6182e-14;1960;04;0,0
88;1960.05;6,6182e-14;1960;05;0,0
89;1960.06;6,6182e-14;1960;06;0,0
90;1960.07;6,6182e-14;1960;07;0,0
91;1960.08;6,6182e-14;1960;08;0,0
92;1960.09;6,6182e-14;1960;09;0,0
93;1960.10;6,6182e-14;1960;10;0,0
94;1960.11;6,6182e-14;1960;11;0,0
95;1960.12;6,6651e-14;1960;12;0,007086518993079771
96;1961.01;7,3302e-14;1961;01;0,09978845028581707
97;1961.02;7,8182e-14;1961;02;0,06657389975716899
98;1961.03;8,7625e-14;1961;03;0,12078227725051827
99;1961.04;1,0023e-13;1961;04;0,14385164051355215
100;1961.05;9,5684e-14;1961;05;-0,04535568193155748
101;1961.06;9,2884e-14;1961;06;-0,02926299067764726
102;1961.07;9,3091e-14;1961;07;0,002228586193531612
103;1961.08;9,5658e-14;1961;08;0,027575168383624726
104;1961.09;1,0373e-13;1961;09;0,0843839511593385
105;1961.10;1,0745e-13;1961;10;0,03586233490793411
106;1961.11;1,0909e-13;1961;11;0,015262912982782817
107;1961.12;1,0909e-13;1961;12;0,0
108;1962.01;1,1273e-13;1962;01;0,03336694472453927
109;1962.02;1,1273e-13;1962;02;0,0
110;1962.03;1,1273e-13;1962;03;0,0
111;1962.04;1,1273e-13;1962;04;0,0
112;1962.05;1,1818e-13;1962;05;0,04834560454182557
113;1962.06;1,2727e-13;1962;06;0,07691656794719903
114;1962.07;1,2982e-13;1962;07;0,020036143631649184
115;1962.08;1,3855e-13;1962;08;0,06724695732552766
116;1962.09;1,6349e-13;1962;09;0,1800072176109706
117;1962.10;1,6727e-13;1962;10;0,023120680163924545
118;1962.11;1,6727e-13;1962;11;0,0
119;1962.12;1,6727e-13;1962;12;0,0
120;1963.01;1,6727e-13;1963;01;0,0
121;1963.02;1,6727e-13;1963;02;0,0
122;1963.03;1,6727e-13;1963;03;0,0
123;1963.04;1,8182e-13;1963;04;0,08698511388772645
124;1963.05;2,1818e-13;1963;05;0,1999780002199978
125;1963.06;2,1818e-13;1963;06;0,0
126;1963.07;2,1818e-13;1963;07;0,0
127;1963.08;2,1818e-13;1963;08;0,0
128;1963.09;2,1818e-13;1963;09;0,0
129;1963.10;2,1818e-13;1963;10;0,0
130;1963.11;2,1818e-13;1963;11;0,0
131;1963.12;2,1818e-13;1963;12;0,0
132;1964.01;2,1818e-13;1964;01;0,0
133;1964.02;4,1418e-13;1964;02;0,8983408195068292
134;1964.03;4,1418e-13;1964;03;0,0
135;1964.04;4,2182e-13;1964;04;0,018446086242696502
136;1964.05;4,2182e-13;1964;05;0,0
137;1964.06;4,2182e-13;1964;06;0,0
138;1964.07;4,2182e-13;1964;07;0,0
139;1964.08;4,3418e-13;1964;08;0,029301597837940285
140;1964.09;5,5745e-13;1964;09;0,28391450550462927
141;1964.10;5,6364e-13;1964;10;0,011104134899990958
142;1964.11;5,6364e-13;1964;11;0,0
143;1964.12;5,8255e-13;1964;12;0,03354978354978355
144;1965.01;6,6364e-13;1965;01;0,13919835207278353
145;1965.02;6,6364e-13;1965;02;0,0
146;1965.03;6,6364e-13;1965;03;0,0
147;1965.04;6,6364e-13;1965;04;0,0
148;1965.05;6,6364e-13;1965;05;0,0
149;1965.06;6,6364e-13;1965;06;0,0
150;1965.07;6,6364e-13;1965;07;0,0
151;1965.08;6,6364e-13;1965;08;0,0
152;1965.09;6,6364e-13;1965;09;0,0
153;1965.10;6,6364e-13;1965;10;0,0
154;1965.11;7,4255e-13;1965;11;0,11890482791875123
155;1965.12;8e-13;1965;12;0,07736852737189426
156;1966.01;8e-13;1966;01;0,0
157;1966.02;8e-13;1966;02;0,0
158;1966.03;8e-13;1966;03;0,0
159;1966.04;8e-13;1966;04;0,0
160;1966.05;8e-13;1966;05;0,0
161;1966.06;8e-13;1966;06;0,0
162;1966.07;8e-13;1966;07;0,0
163;1966.08;8e-13;1966;08;0,0
164;1966.09;8e-13;1966;09;0,0
165;1966.10;8e-13;1966;10;0,0
166;1966.11;8e-13;1966;11;0,0
167;1966.12;8e-13;1966;12;0,0
168;1967.01;8e-13;1967;01;0,0
169;1967.02;9,8182e-13;1967;02;0,2272749999999999
170;1967.03;9,8182e-13;1967;03;0,0
171;1967.04;9,8182e-13;1967;04;0,0
172;1967.05;9,8182e-13;1967;05;0,0
173;1967.06;9,8182e-13;1967;06;0,0
174;1967.07;9,8182e-13;1967;07;0,0
175;1967.08;9,8182e-13;1967;08;0,0
176;1967.09;9,8182e-13;1967;09;0,0
177;1967.10;9,8182e-13;1967;10;0,0
178;1967.11;9,8182e-13;1967;11;0,0
179;1967.12;9,8182e-13;1967;12;0,0
180;1968.01;1,1636e-12;1968;01;0,18514595343341966
181;1968.02;1,1636e-12;1968;02;0,0
182;1968.03;1,1636e-12;1968;03;0,0
183;1968.04;1,1636e-12;1968;04;0,0
184;1968.05;1,1636e-12;1968;05;0,0
185;1968.06;1,1636e-12;1968;06;0,0
186;1968.07;1,1636e-12;1968;07;0,0
187;1968.08;1,1927e-12;1968;08;0,025008594018562924
188;1968.09;1,3236e-12;1968;09;0,10975098515972159
189;1968.10;1,3382e-12;1968;10;0,011030522816561028
190;1968.11;1,3491e-12;1968;11;0,008145269765356344
191;1968.12;1,3782e-12;1968;12;0,02156993551256381
192;1969.01;1,3855e-12;1969;01;0,005296763894935497
193;1969.02;1,4109e-12;1969;02;0,01833273186575246
194;1969.03;1,4327e-12;1969;03;0,015451130484088083
195;1969.04;1,4473e-12;1969;04;0,010190549312486974
196;1969.05;1,4545e-12;1969;05;0,004974780625993214
197;1969.06;1,4655e-12;1969;06;0,007562736335510412
198;1969.07;1,48e-12;1969;07;0,009894234049812267
199;1969.08;1,4836e-12;1969;08;0,0024324324324325186
200;1969.09;1,5018e-12;1969;09;0,01226745753572378
201;1969.10;1,52e-12;1969;10;0,012118790784392042
202;1969.11;1,5382e-12;1969;11;0,011973684210526248
203;1969.12;1,56e-12;1969;12;0,014172409309582523
204;1970.01;1,5745e-12;1970;01;0,009294871794871762
205;1970.02;1,5891e-12;1970;02;0,009272785011114504
206;1970.03;1,5964e-12;1970;03;0,0045937952300043605
207;1970.04;1,6218e-12;1970;04;0,01591079929842154
208;1970.05;1,6327e-12;1970;05;0,006720927364656459
209;1970.06;1,6473e-12;1970;06;0,008942242910516374
210;1970.07;1,6655e-12;1970;07;0,011048382201177542
211;1970.08;1,68e-12;1970;08;0,00870609426598623
212;1970.09;1,6909e-12;1970;09;0,006488095238095237
213;1970.10;1,7055e-12;1970;10;0,00863445502395166
214;1970.11;1,7455e-12;1970;11;0,023453532688361145
215;1970.12;1,7673e-12;1970;12;0,01248925809223711
216;1971.01;1,7891e-12;1971;01;0,012335200588468265
217;1971.02;1,8073e-12;1971;02;0,010172712537029893
218;1971.03;1,8291e-12;1971;03;0,01206219222043936
219;1971.04;1,8473e-12;1971;04;0,00995024875621886
220;1971.05;1,8764e-12;1971;05;0,01575272018621776
221;1971.06;1,8982e-12;1971;06;0,011617991899381952
222;1971.07;1,9091e-12;1971;07;0,005742282162048085
223;1971.08;1,9455e-12;1971;08;0,019066575873448288
224;1971.09;1,9782e-12;1971;09;0,01680801850424052
225;1971.10;1,9891e-12;1971;10;0,005510059650186916
226;1971.11;2,0218e-12;1971;11;0,016439595797094197
227;1971.12;2,0364e-12;1971;12;0,007221287961222567
228;1972.01;2,0436e-12;1972;01;0,003535651149086494
229;1972.02;2,0909e-12;1972;02;0,023145429633979253
230;1972.03;2,1018e-12;1972;03;0,005213066143765932
231;1972.04;2,1127e-12;1972;04;0,005186031021029436
232;1972.05;2,1345e-12;1972;05;0,010318549723103088
233;1972.06;2,1382e-12;1972;06;0,0017334270320918943
234;1972.07;2,1491e-12;1972;07;0,005097745767467909
235;1972.08;2,1564e-12;1972;08;0,0033967707412405623
236;1972.09;2,1745e-12;1972;09;0,008393618994620766
237;1972.10;2,1927e-12;1972;10;0,008369740170154127
238;1972.11;2,2145e-12;1972;11;0,009942080539973475
239;1972.12;2,24e-12;1972;12;0,011515014675999247
240;1973.01;2,2473e-12;1973;01;0,003258928571428399
241;1973.02;2,2073e-12;1973;02;-0,01779913674186795
242;1973.03;2,1818e-12;1973;03;-0,011552575544783283
243;1973.04;2,1855e-12;1973;04;0,001695847465395639
244;1973.05;2,2036e-12;1973;05;0,008281857698467121
245;1973.06;2,2036e-12;1973;06;0,0
246;1973.07;2,2109e-12;1973;07;0,0033127609366490063
247;1973.08;2,2145e-12;1973;08;0,0016282961689810804
248;1973.09;2,2182e-12;1973;09;0,0016708060510273182
249;1973.10;2,2255e-12;1973;10;0,003290956631503139
250;1973.11;2,2255e-12;1973;11;0,0
251;1973.12;2,2364e-12;1973;12;0,004897775780723368
252;1974.01;2,2473e-12;1974;01;0,004873904489357761
253;1974.02;2,3018e-12;1974;02;0,02425132381079531
254;1974.03;2,3345e-12;1974;03;0,01420627335129021
255;1974.04;2,3527e-12;1974;04;0,007796101949025358
256;1974.05;2,2909e-12;1974;05;-0,026267692438474932
257;1974.06;2,4218e-12;1974;06;0,057139115631411386
258;1974.07;2,4836e-12;1974;07;0,02551820959616813
259;1974.08;2,5164e-12;1974;08;0,013206635529070754
260;1974.09;2,5564e-12;1974;09;0,01589572405023043
261;1974.10;2,5855e-12;1974;10;0,011383195118134903
262;1974.11;2,6291e-12;1974;11;0,016863275962096358
263;1974.12;2,6618e-12;1974;12;0,012437716328781656
264;1975.01;2,6982e-12;1975;01;0,013674956796152937
265;1975.02;2,7418e-12;1975;02;0,016158920761989437
266;1975.03;2,7709e-12;1975;03;0,010613465606535755
267;1975.04;2,8218e-12;1975;04;0,018369482839510676
268;1975.05;2,8655e-12;1975;05;0,015486568856758032
269;1975.06;2,8873e-12;1975;06;0,007607747339033466
270;1975.07;2,9345e-12;1975;07;0,016347452637412108
271;1975.08;2,9964e-12;1975;08;0,02109388311467031
272;1975.09;3,0364e-12;1975;09;0,013349352556401017
273;1975.10;3,0909e-12;1975;10;0,017948886839678657
274;1975.11;3,1673e-12;1975;11;0,0247177197579993
275;1975.12;3,2509e-12;1975;12;0,02639472105578866
276;1976.01;3,3055e-12;1976;01;0,016795348980282343
277;1976.02;3,3709e-12;1976;02;0,01978520647405846
278;1976.03;3,4727e-12;1976;03;0,03019964994511848
279;1976.04;3,6655e-12;1976;04;0,055518760618538776
280;1976.05;3,7709e-12;1976;05;0,028754603737552786
281;1976.06;3,8582e-12;1976;06;0,023150971916518603
282;1976.07;3,9164e-12;1976;07;0,015084754548753354
283;1976.08;3,9927e-12;1976;08;0,019482177509958287
284;1976.09;4,0873e-12;1976;09;0,0236932401632981
285;1976.10;4,1745e-12;1976;10;0,021334377217233857
286;1976.11;4,2945e-12;1976;11;0,028745957599712657
287;1976.12;4,3964e-12;1976;12;0,023728024217021693
288;1977.01;4,5055e-12;1977;01;0,02481575834773908
289;1977.02;4,5927e-12;1977;02;0,019354122738874713
290;1977.03;4,7018e-12;1977;03;0,023755089598711088
291;1977.04;4,8291e-12;1977;04;0,027074737334637833
292;1977.05;4,9564e-12;1977;05;0,026361019651695017
293;1977.06;5,0836e-12;1977;06;0,025663788233395213
294;1977.07;5,2182e-12;1977;07;0,0264772995514988
295;1977.08;5,3164e-12;1977;08;0,018818749760453946
296;1977.09;5,3964e-12;1977;09;0,015047776690993775
297;1977.10;5,4691e-12;1977;10;0,013471944259135782
298;1977.11;5,5709e-12;1977;11;0,018613665868241647
299;1977.12;5,7345e-12;1977;12;0,02936688865353898
300;1978.01;5,8218e-12;1978;01;0,015223646351033349
301;1978.02;5,9127e-12;1978;02;0,01561372771307834
302;1978.03;6,0327e-12;1978;03;0,02029529656502116
303;1978.04;6,1455e-12;1978;04;0,01869809538017786
304;1978.05;6,2982e-12;1978;05;0,02484744935318539
305;1978.06;6,44e-12;1978;06;0,022514369184846394
306;1978.07;6,5527e-12;1978;07;0,01749999999999985
307;1978.08;6,7273e-12;1978;08;0,026645504906374518
308;1978.09;6,8909e-12;1978;09;0,024318820329106705
309;1978.10;6,9964e-12;1978;10;0,01531004658317503
310;1978.11;7,1745e-12;1978;11;0,02545594877365498
311;1978.12;7,4218e-12;1978;12;0,03446930099658507
312;1979.01;7,6691e-12;1979;01;0,033320757767657305
313;1979.02;7,9273e-12;1979;02;0,03366757507399831
314;1979.03;8,1855e-12;1979;03;0,03257098886127663
315;1979.04;8,4618e-12;1979;04;0,033754810335349106
316;1979.05;8,8909e-12;1979;05;0,0507102507740671
317;1979.06;9,28e-12;1979;06;0,04376384842929282
318;1979.07;9,4473e-12;1979;07;0,018028017241379368
319;1979.08;9,7636e-12;1979;08;0,03348046531813309
320;1979.09;1,0418e-11;1979;09;0,06702445819165082
321;1979.10;1,0916e-11;1979;10;0,04780188135918606
322;1979.11;1,1422e-11;1979;11;0,04635397581531686
323;1979.12;1,4578e-11;1979;12;0,2763088776046225
324;1980.01;1,5796e-11;1980;01;0,08355055563177416
325;1980.02;1,624e-11;1980;02;0,02810838186882747
326;1980.03;1,6844e-11;1980;03;0,037192118226600845
327;1980.04;1,7498e-11;1980;04;0,03882688197577777
328;1980.05;1,8033e-11;1980;05;0,030574922848325636
329;1980.06;1,8604e-11;1980;06;0,03166417124161258
330;1980.07;1,9145e-11;1980;07;0,0290797677918726
331;1980.08;1,98e-11;1980;08;0,03421258814311834
332;1980.09;2,0513e-11;1980;09;0,03601010101010105
333;1980.10;2,1302e-11;1980;10;0,03846341344513249
334;1980.11;2,2225e-11;1980;11;0,043329264857759675
335;1980.12;2,3127e-11;1980;12;0,040584926884139394
336;1981.01;2,4433e-11;1981;01;0,05647079171531111
337;1981.02;2,5513e-11;1981;02;0,04420251299472033
338;1981.03;2,6909e-11;1981;03;0,05471720299455174
339;1981.04;2,8571e-11;1981;04;0,061763722174737135
340;1981.05;3,0407e-11;1981;05;0,06426096391445868
341;1981.06;3,2084e-11;1981;06;0,05515177426250539
342;1981.07;3,4e-11;1981;07;0,05971823962099476
343;1981.08;3,6156e-11;1981;08;0,06341176470588228
344;1981.09;3,8095e-11;1981;09;0,053628719991149376
345;1981.10;4,0331e-11;1981;10;0,05869536684604282
346;1981.11;4,268e-11;1981;11;0,05824303885348736
347;1981.12;4,5167e-11;1981;12;0,05827085285848166
348;1982.01;4,7476e-11;1982;01;0,05112139393805215
349;1982.02;4,9745e-11;1982;02;0,047792568876906305
350;1982.03;5,2436e-11;1982;03;0,054095889034073696
351;1982.04;5,508e-11;1982;04;0,05042337325501567
352;1982.05;5,7884e-11;1982;05;0,05090777051561357
353;1982.06;6,0909e-11;1982;06;0,052259691797387875
354;1982.07;6,4316e-11;1982;07;0,05593590438194673
355;1982.08;6,8425e-11;1982;08;0,06388767958206354
356;1982.09;7,312e-11;1982;09;0,06861527219583485
357;1982.10;7,8044e-11;1982;10;0,06734135667396068
358;1982.11;8,3204e-11;1982;11;0,06611654963866531
359;1982.12;8,88e-11;1982;12;0,06725638190471606
360;1983.01;9,5233e-11;1983;01;0,07244369369369363
361;1983.02;1,1417e-10;1983;02;0,19884913842890595
362;1983.03;1,4493e-10;1983;03;0,2694227905754576
363;1983.04;1,5749e-10;1983;04;0,08666252673704533
364;1983.05;1,7173e-10;1983;05;0,09041843926598525
365;1983.06;1,8735e-10;1983;06;0,09095673440866481
366;1983.07;2,0637e-10;1983;07;0,10152121697357885
367;1983.08;2,3283e-10;1983;08;0,1282163105102485
368;1983.09;2,5396e-10;1983;09;0,09075290984838724
369;1983.10;2,8413e-10;1983;10;0,11879823594266803
370;1983.11;3,1527e-10;1983;11;0,1095977193538169
371;1983.12;3,4223e-10;1983;12;0,0855140038696991
372;1984.01;3,6947e-10;1984;01;0,07959559360663881
373;1984.02;4,0913e-10;1984;02;0,10734295071318378
374;1984.03;4,5962e-10;1984;03;0,12340820766015681
375;1984.04;5,0211e-10;1984;04;0,09244593359731956
376;1984.05;5,4661e-10;1984;05;0,08862599828722795
377;1984.06;5,9516e-10;1984;06;0,08882018257990154
378;1984.07;6,5709e-10;1984;07;0,10405605215404234
379;1984.08;7,216e-10;1984;08;0,09817528801229658
380;1984.09;7,9745e-10;1984;09;0,10511363636363646
381;1984.10;8,8782e-10;1984;10;0,1133237193554455
382;1984.11;9,8944e-10;1984;11;0,11446013831632529
383;1984.12;1,0886e-09;1984;12;0,10021830530401021
384;1985.01;1,2171e-09;1985;01;0,11804152121991551
385;1985.02;1,3619e-09;1985;02;0,11897132528140664
386;1985.03;1,5055e-09;1985;03;0,10544092811513317
387;1985.04;1,7083e-09;1985;04;0,13470607771504484
388;1985.05;1,8969e-09;1985;05;0,1104021541883744
389;1985.06;2,0808e-09;1985;06;0,09694765143128281
390;1985.07;2,2545e-09;1985;07;0,08347750865051906
391;1985.08;2,4332e-09;1985;08;0,07926369483255713
392;1985.09;2,6998e-09;1985;09;0,10956764754233128
393;1985.10;2,9623e-09;1985;10;0,09722942440180748
394;1985.11;3,2304e-09;1985;11;0,09050400027006034
395;1985.12;3,5865e-09;1985;12;0,11023402674591387
396;1986.01;4,092e-09;1986;01;0,1409452112086993
397;1986.02;4,7145e-09;1986;02;0,15212609970674462
398;1986.03;5,0073e-09;1986;03;0,06210626789691398
399;1986.04;5,0073e-09;1986;04;0,0
400;1986.05;5,0073e-09;1986;05;0,0
401;1986.06;5,0073e-09;1986;06;0,0
402;1986.07;5,0073e-09;1986;07;0,0
403;1986.08;5,0073e-09;1986;08;0,0
404;1986.09;5,0073e-09;1986;09;0,0
405;1986.10;5,0545e-09;1986;10;0,009426237692968131
406;1986.11;5,1055e-09;1986;11;0,010090018795132938
407;1986.12;5,2618e-09;1986;12;0,03061404367838616
408;1987.01;5,68e-09;1987;01;0,07947850545440716
409;1987.02;6,5636e-09;1987;02;0,15556338028169003
410;1987.03;7,6e-09;1987;03;0,1579011518069353
411;1987.04;8,5782e-09;1987;04;0,1287105263157895
412;1987.05;1,1138e-08;1987;05;0,29840759133617767
413;1987.06;1,4269e-08;1987;06;0,28110971449093203
414;1987.07;1,6258e-08;1987;07;0,13939308991520072
415;1987.08;1,7055e-08;1987;08;0,04902201992865063
416;1987.09;1,8044e-08;1987;09;0,057988859571973084
417;1987.10;1,9324e-08;1987;10;0,07093770782531594
418;1987.11;2,1451e-08;1987;11;0,11007037880356041
419;1987.12;2,4418e-08;1987;12;0,13831523005920476
420;1988.01;2,8098e-08;1988;01;0,15070849373413053
421;1988.02;3,2869e-08;1988;02;0,1697985621752438
422;1988.03;3,8767e-08;1988;03;0,179439593537984
423;1988.04;4,5476e-08;1988;04;0,17305956096680175
424;1988.05;5,4505e-08;1988;05;0,1985442870964904
425;1988.06;6,4516e-08;1988;06;0,18367122282359416
426;1988.07;7,8091e-08;1988;07;0,21041292082584162
427;1988.08;9,6756e-08;1988;08;0,23901601977180476
428;1988.09;1,1804e-07;1988;09;0,21997602215883272
429;1988.10;1,4896e-07;1988;10;0,26194510335479504
430;1988.11;1,9038e-07;1988;11;0,27806122448979576
431;1988.12;2,428e-07;1988;12;0,27534404874461593
432;1989.01;3,2727e-07;1989;01;0,34789950576606277
433;1989.02;3,6e-07;1989;02;0,10000916674305627
434;1989.03;3,6e-07;1989;03;0,0
435;1989.04;3,6727e-07;1989;04;0,020194444444444404
436;1989.05;3,9636e-07;1989;05;0,07920603370817103
437;1989.06;4,8364e-07;1989;06;0,2202038550812393
438;1989.07;6,9455e-07;1989;07;0,4360888263998015
439;1989.08;8,9455e-07;1989;08;0,28795623065294085
440;1989.09;1,1818e-06;1989;09;0,32111117321558336
441;1989.10;1,6255e-06;1989;10;0,3754442376036553
442;1989.11;2,2618e-06;1989;11;0,3914487849892343
443;1989.12;3,3491e-06;1989;12;0,4807233177115571
444;1990.01;5,1782e-06;1990;01;0,5461467259860859
445;1990.02;8,56e-06;1990;02;0,6530840832721794
446;1990.03;1,3458e-05;1990;03;0,5721962616822431
447;1990.04;1,72e-05;1990;04;0,2780502303462624
448;1990.05;1,8887e-05;1990;05;0,09808139534883709
449;1990.06;2,0691e-05;1990;06;0,09551543389633066
450;1990.07;2,4095e-05;1990;07;0,16451597312841337
451;1990.08;2,6015e-05;1990;08;0,07968458186345728
452;1990.09;2,7335e-05;1990;09;0,05073995771670181
453;1990.10;3,4393e-05;1990;10;0,258203768062923
454;1990.11;4,4535e-05;1990;11;0,2948855871834384
455;1990.12;0,0001;1990;12;1,2454249466711578
456;1991.01;0,0001;1991;01;0,0
457;1991.02;0,0001;1991;02;0,0
458;1991.03;0,0001;1991;03;0,0
459;1991.04;0,0001;1991;04;0,0
460;1991.05;0,0001;1991;05;0,0
461;1991.06;0,0001;1991;06;0,0
462;1991.07;0,0001;1991;07;0,0
463;1991.08;0,0001;1991;08;0,0
464;1991.09;0,0002;1991;09;1,0
465;1991.10;0,0002;1991;10;0,0
466;1991.11;0,0003;1991;11;0,4999999999999998
467;1991.12;0,0003;1991;12;0,0
468;1992.01;0,0004;1992;01;0,3333333333333335
469;1992.02;0,0005;1992;02;0,25
470;1992.03;0,0007;1992;03;0,3999999999999999
471;1992.04;0,0008;1992;04;0,14285714285714302
472;1992.05;0,001;1992;05;0,25
473;1992.06;0,0011;1992;06;0,10000000000000009
474;1992.07;0,0014;1992;07;0,2727272727272727
475;1992.08;0,0017;1992;08;0,2142857142857142
476;1992.09;0,0021;1992;09;0,23529411764705888
477;1992.10;0,0026;1992;10;0,23809523809523814
478;1992.11;0,0033;1992;11;0,2692307692307694
479;1992.12;0,0041;1992;12;0,24242424242424243
480;1993.01;0,0051;1993;01;0,24390243902439024
481;1993.02;0,0065;1993;02;0,27450980392156854
482;1993.03;0,0082;1993;03;0,2615384615384617
483;1993.04;0,0104;1993;04;0,26829268292682906
484;1993.05;0,0135;1993;05;0,29807692307692313
485;1993.06;0,0175;1993;06;0,2962962962962965
486;1993.07;0,0228;1993;07;0,3028571428571427
487;1993.08;0,0301;1993;08;0,320175438596491
488;1993.09;0,0404;1993;09;0,34219269102990046
489;1993.10;0,055;1993;10;0,3613861386138615
490;1993.11;0,0748;1993;11;0,3600000000000001
491;1993.12;0,1016;1993;12;0,3582887700534758
492;1994.01;0,1421;1994;01;0,39862204724409467
493;1994.02;0,2003;1994;02;0,4095707248416609
494;1994.03;0,2793;1994;03;0,3944083874188715
495;1994.04;0,4035;1994;04;0,44468313641245993
496;1994.05;0,5765;1994;05;0,42874845105328374
497;1994.06;0,8326;1994;06;0,44423243712055505
498;1994.07;0,9248;1994;07;0,11073744895508031
499;1994.08;0,8966;1994;08;-0,030493079584775096
500;1994.09;0,8632;1994;09;-0,037251840285523086
501;1994.10;0,844;1994;10;-0,022242817423540284
502;1994.11;0,8398;1994;11;-0,004976303317535513
503;1994.12;0,8481;1994;12;0,009883305548940235
504;1995.01;0,8451;1995;01;-0,0035373187124160266
505;1995.02;0,8388;1995;02;-0,007454739084132078
506;1995.03;0,8874;1995;03;0,05793991416309008
507;1995.04;0,9055;1995;04;0,020396664412891674
508;1995.05;0,8954;1995;05;-0,011154058531198219
509;1995.06;0,912;1995;06;0,018539200357382324
510;1995.07;0,9268;1995;07;0,01622807017543848
511;1995.08;0,94;1995;08;0,014242555028053605
512;1995.09;0,9508;1995;09;0,011489361702127665
513;1995.10;0,9587;1995;10;0,008308792595708825
514;1995.11;0,9624;1995;11;0,0038593929279233663
515;1995.12;0,9673;1995;12;0,00509143807148793
516;1996.01;0,9735;1996;01;0,0064095937144628135
517;1996.02;0,9801;1996;02;0,006779661016949046
518;1996.03;0,9853;1996;03;0,005305581063156817
519;1996.04;0,9894;1996;04;0,004161169187049563
520;1996.05;0,9945;1996;05;0,005154639175257936
521;1996.06;1,0005;1996;06;0,006033182503770718
522;1996.07;1,0061;1996;07;0,005597201399300422
523;1996.08;1,0126;1996;08;0,006460590398568611
524;1996.09;1,0185;1996;09;0,005826585028639197
525;1996.10;1,0243;1996;10;0,0056946489936180456
526;1996.11;1,0296;1996;11;0,00517426535194776
527;1996.12;1,0365;1996;12;0,006701631701631516
528;1997.01;1,0421;1997;01;0,005402797877472221
529;1997.02;1,0485;1997;02;0,006141445158813985
530;1997.03;1,0559;1997;03;0,007057701478302425
531;1997.04;1,0601;1997;04;0,003977649398617222
532;1997.05;1,0675;1997;05;0,006980473540231902
533;1997.06;1,0738;1997;06;0,005901639344262577
534;1997.07;1,0799;1997;07;0,005680759918047951
535;1997.08;1,0871;1997;08;0,006667284007778385
536;1997.09;1,0928;1997;09;0,0052433078833593605
537;1997.10;1,0993;1997;10;0,005948023426061377
538;1997.11;1,1065;1997;11;0,006549622487037388
539;1997.12;1,1128;1997;12;0,005693628558517849
540;1998.01;1,1191;1998;01;0,005661394680086307
541;1998.02;1,1329;1998;02;0,012331337682065957
542;1998.03;1,1329;1998;03;0,0
543;1998.04;1,1404;1998;04;0,006620178303468949
544;1998.05;1,1473;1998;05;0,0060505085934758895
545;1998.06;1,1538;1998;06;0,005665475464133207
546;1998.07;1,1607;1998;07;0,005980239209568472
547;1998.08;1,1709;1998;08;0,008787800465236417
548;1998.09;1,1801;1998;09;0,007857203860278217
549;1998.10;1,1876;1998;10;0,006355393610711024
550;1998.11;1,1929;1998;11;0,004462782081509076
551;1998.12;1,2046;1998;12;0,009808030849190796
552;1999.01;1,5011;1999;01;0,24613979744313474
553;1999.02;1,9129;1999;02;0,2743321564186263
554;1999.03;1,896;1999;03;-0,008834753515604699
555;1999.04;1,6933;1999;04;-0,10690928270042188
556;1999.05;1,6827;1999;05;-0,00625996574735721
557;1999.06;1,7646;1999;06;0,04867177750044571
558;1999.07;1,7995;1999;07;0,01977785333786697
559;1999.08;1,88;1999;08;0,04473464851347586
560;1999.09;1,8973;1999;09;0,009202127659574622
561;1999.10;1,9687;1999;10;0,0376324250250355
562;1999.11;1,9291;1999;11;-0,020114796566261917
563;1999.12;1,842;1999;12;-0,04515058835726504
564;2000.01;1,8029;2000;01;-0,021226927252985917
565;2000.02;1,7745;2000;02;-0,01575239891286262
566;2000.03;1,7412;2000;03;-0,018765849535080203
567;2000.04;1,7674;2000;04;0,015047093958189706
568;2000.05;1,8271;2000;05;0,0337784315944325
569;2000.06;1,8075;2000;06;-0,010727382190356183
570;2000.07;1,797;2000;07;-0,005809128630705485
571;2000.08;1,8084;2000;08;0,0063439065108514825
572;2000.09;1,8384;2000;09;0,01658925016589241
573;2000.10;1,8788;2000;10;0,02197563098346378
574;2000.11;1,9472;2000;11;0,036406216734085506
575;2000.12;1,9625;2000;12;0,007857436318816635
576;2001.01;1,9537;2001;01;-0,004484076433120987
577;2001.02;2,0011;2001;02;0,024261657368070955
578;2001.03;2,0882;2001;03;0,043526060666633226
579;2001.04;2,1917;2001;04;0,04956421798678279
580;2001.05;2,2964;2001;05;0,04777113656066079
581;2001.06;2,375;2001;06;0,03422748650060958
582;2001.07;2,4652;2001;07;0,03797894736842089
583;2001.08;2,5098;2001;08;0,0180918383903943
584;2001.09;2,6709;2001;09;0,06418838154434625
585;2001.10;2,7394;2001;10;0,025646785727657218
586;2001.11;2,5423;2001;11;-0,07195006205738474
587;2001.12;2,3619;2001;12;-0,07095936750186849
588;2002.01;2,3771;2002;01;0,006435496845759836
589;2002.02;2,4188;2002;02;0,017542383576627074
590;2002.03;2,3458;2002;03;-0,030180254671738016
591;2002.04;2,3196;2002;04;-0,0111688976042289
592;2002.05;2,4796;2002;05;0,06897740989825829
593;2002.06;2,7132;2002;06;0,09420874334570084
594;2002.07;2,9338;2002;07;0,08130620669320354
595;2002.08;3,1093;2002;08;0,059820028631808464
596;2002.09;3,3412;2002;09;0,07458270350239604
597;2002.10;3,8051;2002;10;0,13884233209625285
598;2002.11;3,5756;2002;11;-0,06031378938792664
599;2002.12;3,6251;2002;12;0,013843830406085722
600;2003.01;3,4376;2003;01;-0,05172271109762494
601;2003.02;3,59;2003;02;0,04433325575983238
602;2003.03;3,4461;2003;03;-0,040083565459610004
603;2003.04;3,1179;2003;04;-0,09523809523809523
604;2003.05;2,9549;2003;05;-0,05227877738221243
605;2003.06;2,8824;2003;06;-0,024535517276388252
606;2003.07;2,879;2003;07;-0,001179572578406951
607;2003.08;3,0017;2003;08;0,04261896491837436
608;2003.09;2,922;2003;09;-0,026551620748242577
609;2003.10;2,8607;2003;10;-0,02097878165639977
610;2003.11;2,913;2003;11;0,018282238612926882
611;2003.12;2,9245;2003;12;0,003947820116718237
612;2004.01;2,851;2004;01;-0,025132501282270514
613;2004.02;2,9295;2004;02;0,0275341985268327
614;2004.03;2,9047;2004;03;-0,008465608465608399
615;2004.04;2,9052;2004;04;0,0001721348159877678
616;2004.05;3,0996;2004;05;0,06691449814126416
617;2004.06;3,1283;2004;06;0,009259259259259078
618;2004.07;3,036;2004;07;-0,029504842885912375
619;2004.08;3,0021;2004;08;-0,011166007905138331
620;2004.09;2,8903;2004;09;-0,037240598247893164
621;2004.10;2,8521;2004;10;-0,013216621111995175
622;2004.11;2,7852;2004;11;-0,023456400546965406
623;2004.12;2,7174;2004;12;-0,02434295562257649
624;2005.01;2,6922;2005;01;-0,009273570324574876
625;2005.02;2,597;2005;02;-0,035361414456578366
626;2005.03;2,7039;2005;03;0,041162880246438105
627;2005.04;2,5784;2005;04;-0,04641443840378723
628;2005.05;2,452;2005;05;-0,049022649705243504
629;2005.06;2,4127;2005;06;-0,016027732463295252
630;2005.07;2,3727;2005;07;-0,01657893646122599
631;2005.08;2,3598;2005;08;-0,005436844101656346
632;2005.09;2,2936;2005;09;-0,028053224849563407
633;2005.10;2,2557;2005;10;-0,01652424136728292
634;2005.11;2,21;2005;11;-0,020259786319102746
635;2005.12;2,2847;2005;12;0,033800904977375534
636;2006.01;2,2731;2006;01;-0,005077253031032569
637;2006.02;2,1611;2006;02;-0,04927191940521758
638;2006.03;2,1512;2006;03;-0,004581000416454595
639;2006.04;2,1285;2006;04;-0,010552249907028632
640;2006.05;2,1773;2006;05;0,02292694385717642
641;2006.06;2,2475;2006;06;0,03224176732650541
642;2006.07;2,1885;2006;07;-0,026251390433815414
643;2006.08;2,1551;2006;08;-0,015261594699565895
644;2006.09;2,1679;2006;09;0,005939399563825276
645;2006.10;2,1475;2006;10;-0,009410028137829207
646;2006.11;2,1571;2006;11;0,004470314318975488
647;2006.12;2,1491;2006;12;-0,0037086829539659805
648;2007.01;2,1377;2007;01;-0,005304546089060391
649;2007.02;2,0955;2007;02;-0,019740842962062133
650;2007.03;2,0879;2007;03;-0,003626819374850876
651;2007.04;2,0312;2007;04;-0,02715647301115942
652;2007.05;1,9808;2007;05;-0,024812918471839418
653;2007.06;1,9311;2007;06;-0,025090872374798012
654;2007.07;1,882;2007;07;-0,025425923049039456
655;2007.08;1,9652;2007;08;0,044208289054197714
656;2007.09;1,8988;2007;09;-0,033787909627518875
657;2007.10;1,8002;2007;10;-0,051927533178849794
658;2007.11;1,7691;2007;11;-0,017275858237973618
659;2007.12;1,7852;2007;12;0,009100672658413966
660;2008.01;1,7735;2008;01;-0,006553887519605506
661;2008.02;1,7269;2008;02;-0,02627572596560468
662;2008.03;1,7068;2008;03;-0,011639353755284021
663;2008.04;1,6881;2008;04;-0,010956175298804882
664;2008.05;1,6597;2008;05;-0,016823647888158266
665;2008.06;1,6181;2008;06;-0,025064770741700215
666;2008.07;1,5906;2008;07;-0,016995241332426914
667;2008.08;1,6115;2008;08;0,013139695712309774
668;2008.09;1,7988;2008;09;0,1162271175923053
669;2008.10;2,1721;2008;10;0,20752724038247727
670;2008.11;2,2655;2008;11;0,042999861884811974
671;2008.12;2,3936;2008;12;0,056543809313617466
672;2009.01;2,3066;2009;01;-0,03634692513368987
673;2009.02;2,3119;2009;02;0,0022977542703546128
674;2009.03;2,313;2009;03;0,0004757991262598349
675;2009.04;2,2051;2009;04;-0,046649373108517245
676;2009.05;2,0601;2009;05;-0,06575665502698291
677;2009.06;1,9568;2009;06;-0,050143196932187606
678;2009.07;1,932;2009;07;-0,012673753066230642
679;2009.08;1,8444;2009;08;-0,045341614906832195
680;2009.09;1,819;2009;09;-0,013771416178703144
681;2009.10;1,7376;2009;10;-0,0447498625618471
682;2009.11;1,7252;2009;11;-0,007136279926335143
683;2009.12;1,7495;2009;12;0,014085323440760522
684;2010.01;1,779;2010;01;0,016861960560159872
685;2010.02;1,8394;2010;02;0,03395165823496349
686;2010.03;1,785;2010;03;-0,02957486136783738
687;2010.04;1,7558;2010;04;-0,016358543417366866
688;2010.05;1,8124;2010;05;0,03223601776967766
689;2010.06;1,8054;2010;06;-0,0038622820569411687
690;2010.07;1,7688;2010;07;-0,020272515785975442
691;2010.08;1,7588;2010;08;-0,005653550429669862
692;2010.09;1,7179;2010;09;-0,023254491698885604
693;2010.10;1,6852;2010;10;-0,01903486815297739
694;2010.11;1,7125;2010;11;0,016199857583669486
695;2010.12;1,6927;2010;12;-0,011562043795620314
696;2011.01;1,6741;2011;01;-0,010988361788858092
697;2011.02;1,6672;2011;02;-0,004121617585568282
698;2011.03;1,6583;2011;03;-0,005338291746641022
699;2011.04;1,5856;2011;04;-0,043840077187481286
700;2011.05;1,6127;2011;05;0,017091321897073852
701;2011.06;1,5862;2011;06;-0,01643207044087558
702;2011.07;1,5631;2011;07;-0,01456310679611661
703;2011.08;1,5962;2011;08;0,021175868466508874
704;2011.09;1,749;2011;09;0,0957273524620974
705;2011.10;1,7719;2011;10;0,013093196112063943
706;2011.11;1,7897;2011;11;0,010045713640724596
707;2011.12;1,8362;2011;12;0,025982008157791725
708;2012.01;1,789;2012;01;-0,025705260864829604
709;2012.02;1,7178;2012;02;-0,03979877026271661
710;2012.03;1,7947;2012;03;0,04476656188147632
711;2012.04;1,8542;2012;04;0,03315317323229516
712;2012.05;1,9854;2012;05;0,07075827850285843
713;2012.06;2,0486;2012;06;0,0318323763473356
714;2012.07;2,0282;2012;07;-0,00995802011129554
715;2012.08;2,0289;2012;08;0,0003451336160142926
716;2012.09;2,0275;2012;09;-0,0006900290797970943
717;2012.10;2,0293;2012;10;0,0008877928483355113
718;2012.11;2,0672;2012;11;0,01867639087370021
719;2012.12;2,0772;2012;12;0,004837461300309487
720;2013.01;2,0305;2013;01;-0,02248218756017717
721;2013.02;1,9727;2013;02;-0,028465895099729188
722;2013.03;1,9823;2013;03;0,004866426724793538
723;2013.04;2,0016;2013;04;0,009736165060787894
724;2013.05;2,0343;2013;05;0,016336930455635557
725;2013.06;2,1724;2013;06;0,06788575922921902
726;2013.07;2,2516;2013;07;0,036457374332535375
727;2013.08;2,3416;2013;08;0,03997157576834276
728;2013.09;2,2699;2013;09;-0,030620088828151815
729;2013.10;2,1881;2013;10;-0,036036829816291416
730;2013.11;2,2947;2013;11;0,04871806590192418
731;2013.12;2,3449;2013;12;0,021876498017169954
732;2014.01;2,3816;2014;01;0,01565098724892322
733;2014.02;2,3831;2014;02;0,0006298286865973335
734;2014.03;2,3255;2014;03;-0,02417019848097035
735;2014.04;2,2317;2014;04;-0,0403354117394108
736;2014.05;2,2203;2014;05;-0,0051082134695523695
737;2014.06;2,2349;2014;06;0,006575687970094224
738;2014.07;2,224;2014;07;-0,004877175712559856
739;2014.08;2,2674;2014;08;0,01951438848920839
740;2014.09;2,3323;2014;09;0,028623092528887728
741;2014.10;2,4476;2014;10;0,04943617887921792
742;2014.11;2,5482;2014;11;0,0411014871711064
743;2014.12;2,6387;2014;12;0,03551526567773333
744;2015.01;2,6336;2015;01;-0,0019327699245841323
745;2015.02;2,8158;2015;02;0,06918286755771574
746;2015.03;3,1389;2015;03;0,11474536543788627
747;2015.04;3,0426;2015;04;-0,03067953741756657
748;2015.05;3,0611;2015;05;0,006080326036941974
749;2015.06;3,1111;2015;06;0,01633399758256826
750;2015.07;3,2225;2015;07;0,035807270740252806
751;2015.08;3,5137;2015;08;0,09036462373933274
752;2015.09;3,9058;2015;09;0,11159176935993398
753;2015.10;3,8795;2015;10;-0,006733575707921546
754;2015.11;3,7758;2015;11;-0,026730248743394802
755;2015.12;3,8705;2015;12;0,025080777583558422
756;2016.01;4,0517;2016;01;0,0468156568918745
757;2016.02;3,9731;2016;02;-0,01939926450625673
758;2016.03;3,7033;2016;03;-0,06790667237169967
759;2016.04;3,5652;2016;04;-0,037291064726055145
760;2016.05;3,5387;2016;05;-0,0074329630876247554
761;2016.06;3,4239;2016;06;-0,03244129199988688
762;2016.07;3,2747;2016;07;-0,0435760390198312
763;2016.08;3,2091;2016;08;-0,020032369377347647
764;2016.09;3,2558;2016;09;0,014552366707176523
765;2016.10;3,1852;2016;10;-0,021684378647336966
766;2016.11;3,3414;2016;11;0,04903930679392188
767;2016.12;3,3517;2016;12;0,0030825402525886947
768;2017.01;3,196;2017;01;-0,046454038249246654
769;2017.02;3,1036;2017;02;-0,0289111389236546
770;2017.03;3,1273;2017;03;0,0076362933367701835
771;2017.04;3,1356;2017;04;0,0026540466216864456
772;2017.05;3,2087;2017;05;0,023312922566653738
773;2017.06;3,2948;2017;06;0,026833296973852283
774;2017.07;3,2055;2017;07;-0,02710331431346369
775;2017.08;3,1503;2017;08;-0,017220402433317683
776;2017.09;3,1342;2017;09;-0,005110624384979334
777;2017.10;3,1906;2017;10;0,017995022653308768
778;2017.11;3,2587;2017;11;0,02134394784680005
779;2017.12;3,2913;2017;12;0,010003989320894746
780;2018.01;3,21;2018;01;-0,024701485735119877
781;2018.02;3,2409;2018;02;0,00962616822429907
782;2018.03;3,2786;2018;03;0,011632571199358122
783;2018.04;3,4069;2018;04;0,0391325565790277
784;2018.05;3,6355;2018;05;0,06709912236930937
785;2018.06;3,7726;2018;06;0,03771145647091201
786;2018.07;3,8281;2018;07;0,014711339659651212
787;2018.08;3,9292;2018;08;0,026409968391630345
788;2018.09;4,1159;2018;09;0,047516033798228774
789;2018.10;3,7578;2018;10;-0,08700405743579775
790;2018.11;3,786;2018;11;0,007504390866996724
791;2018.12;3,8821;2018;12;0,025382989963021574
792;2019.01;3,7411;2019;01;-0,036320548156925425
793;2019.02;3,723;2019;02;-0,004838149207452402
794;2019.03;3,8459;2019;03;0,03301101262422779
795;2019.04;3,8956;2019;04;0,01292285290829187
796;2019.05;4,0009;2019;05;0,027030495944142086
797;2019.06;3,8582;2019;06;-0,03566697493064053
798;2019.07;3,7787;2019;07;-0,020605463687729975
799;2019.08;4,0194;2019;08;0,06369915579432073
800;2019.09;4,1209;2019;09;0,025252525252525082
801;2019.10;4,0864;2019;10;-0,008371957582081424
802;2019.11;4,1547;2019;11;0,01671397807361008
803;2019.12;4,1089;2019;12;-0,011023659951380327
804;2020.01;4,1489;2020;01;0,009734965562559372
805;2020.02;4,3404;2020;02;0,04615681264913585
806;2020.03;4,8832;2020;03;0,12505759837802977
807;2020.04;5,325;2020;04;0,09047346002621226
808;2020.05;5,6429;2020;05;0,05969953051643184
809;2020.06;5,196;2020;06;-0,0791968668592391
810;2020.07;5,2796;2020;07;0,01608929946112414
811;2020.08;5,4606;2020;08;0,034282900219713586
812;2020.09;5,3989;2020;09;-0,01129912463831817
813;2020.10;5,6252;2020;10;0,04191594584081937
814;2020.11;5,4172;2020;11;-0,0369764630590913
815;2020.12;5,1449;2020;12;-0,05026581998080193
816;2021.01;5,3556;2021;01;0,04095317693249623
817;2021.02;5,4159;2021;02;0,011259242661886493
818;2021.03;5,6455;2021;03;0,042393692645728454
819;2021.04;5,5615;2021;04;-0,014879107253564894
820;2021.05;5,2904;2021;05;-0,048745841949114355
821;2021.06;5,0313;2021;06;-0,048975502797520054
822;2021.07;5,156;2021;07;0,024784846858664666
823;2021.08;5,2511;2021;08;0,01844453064391005
824;2021.09;5,2791;2021;09;0,0053322161071012175
825;2021.10;5,5394;2021;10;0,04930764713682256
826;2021.11;5,5563;2021;11;0,003050871935588839
827;2021.12;5,6506;2021;12;0,016971725788744285
828;2022.01;5,5335;2022;01;-0,0207234629950801
829;2022.02;5,196;2022;02;-0,060992138791000294
830;2022.03;4,9678;2022;03;-0,043918398768283184
831;2022.04;4,7574;2022;04;-0,04235275172108399
832;2022.05;4,9545;2022;05;0,04143019296254269
833;2022.06;5,0486;2022;06;0,018992834796649483
834;2022.07;5,3675;2022;07;0,06316602622509193
835;2022.08;5,1427;2022;08;-0,04188169538891484
836;2022.09;5,2364;2022;09;0,018220001166702415
837;2022.10;5,2497;2022;10;0,002539912917271403
838;2022.11;5,2741;2022;11;0,004647884641027167
839;2022.12;5,2418;2022;12;-0,006124267647560799
840;2023.01;5,2001;2023;01;-0,007955282536533215
