;data;IBOVESPA fechamento mensal;ano;mês;variação
0;1968.02;14,0871;1968;02;
1;1968.03;9,5045;1968;03;-0,32530471140263073
2;1968.04;22,1068;1968;04;1,3259298227155556
3;1968.05;8,627;1968;05;-0,6097580834856243
4;1968.06;-8,7248;1968;06;-2,01133650168077
5;1968.07;-0,5515;1968;07;-0,9367893819915643
6;1968.08;3,4504;1968;08;-7,2563916591115145
7;1968.09;11,1971;1968;09;2,245159981451426
8;1968.10;-4,7134;1968;10;-1,4209482812513954
9;1968.11;2,0798;1968;11;-1,4412525989731404
10;1968.12;14,3722;1968;12;5,9103759976920855
11;1969.01;12,0366;1969;01;-0,16250817550548968
12;1969.02;23,7215;1969;02;0,9707807852715882
13;1969.03;3,4387;1969;03;-0,8550386779925384
14;1969.04;10,4768;1969;04;2,0467327769215116
15;1969.05;28,9058;1969;05;1,7590294746487474
16;1969.06;-4,3622;1969;06;-1,150910889856015
17;1969.07;32,0266;1969;07;-8,341845857594793
18;1969.08;13,5574;1969;08;-0,5766831321464033
19;1969.09;-7,0877;1969;09;-1,522791980763273
20;1969.10;-1,5929;1969;10;-0,7752585464960424
21;1969.11;-10,8094;1969;11;5,78598782095549
22;1969.12;10,7885;1969;12;-1,998066497677947
23;1970.01;2,3844;1970;01;-0,7789868841822312
24;1970.02;8,3733;1970;02;2,511701056869653
25;1970.03;-1,2795;1970;03;-1,1528071369710866
26;1970.04;-2,559;1970;04;1,0
27;1970.05;1,7735;1970;05;-1,6930441578741697
28;1970.06;-5,5965;1970;06;-4,155624471384268
29;1970.07;15,6195;1970;07;-3,790940766550523
30;1970.08;-1,7347;1970;08;-1,111059893082365
31;1970.09;15,5132;1970;09;-9,942871966334236
32;1970.10;-6,3159;1970;10;-1,4071307015960601
33;1970.11;10,1054;1970;11;-2,5999936667774977
34;1970.12;11,4593;1970;12;0,1339778732163004
35;1971.01;26,5498;1971;01;1,3168779942928452
36;1971.02;1,9427;1971;02;-0,926828074034456
37;1971.03;14,3886;1971;03;6,406496113656251
38;1971.04;19,5377;1971;04;0,3578596944803525
39;1971.05;55,7082;1971;05;1,8513182206708056
40;1971.06;-9,4861;1971;06;-1,1702819333599004
41;1971.07;11,3461;1971;07;-2,1960763643647017
42;1971.08;-16,2368;1971;08;-2,4310467914085017
43;1971.09;-3,0489;1971;09;-0,8122228517934569
44;1971.10;-9,1727;1971;10;2,008527665715504
45;1971.11;-12,7837;1971;11;0,39366816749702904
46;1971.12;19,6116;1971;12;-2,5341098430031996
47;1972.01;-13,5796;1972;01;-1,6924269310000204
48;1972.02;4,9652;1972;02;-1,365636690329612
49;1972.03;-9,4119;1972;03;-2,8955731893982115
50;1972.04;-6,3508;1972;04;-0,3252371997152541
51;1972.05;3,8393;1972;05;-1,6045380109592493
52;1972.06;-14,2156;1972;06;-4,702654129659052
53;1972.07;-14,2834;1972;07;0,004769408255719032
54;1972.08;22,3402;1972;08;-2,564067378915384
55;1972.09;-9,1419;1972;09;-1,4092129882454052
56;1972.10;-15,6337;1972;10;0,7101149651604153
57;1972.11;6,1936;1972;11;-1,3961698126483175
58;1972.12;-5,0113;1972;12;-1,8091094032549728
59;1973.01;-1,2519;1973;01;-0,7501845828427753
60;1973.02;-4,8697;1973;02;2,8898474319035063
61;1973.03;11,2216;1973;03;-3,304371932562581
62;1973.04;28,062;1973;04;1,500712910814857
63;1973.05;-8,6582;1973;05;-1,3085382367614569
64;1973.06;-0,9674;1973;06;-0,8882677692822989
65;1973.07;3,2507;1973;07;-4,360243952863345
66;1973.08;8,968;1973;08;1,7587904143722888
67;1973.09;-2,8017;1973;09;-1,3124107939339875
68;1973.10;-7,4914;1973;10;1,6738765749366458
69;1973.11;-4,187;1973;11;-0,44109245267907193
70;1973.12;-10,6623;1973;12;1,5465249582039644
71;1974.01;10,2759;1974;01;-1,9637601643172675
72;1974.02;9,4902;1974;02;-0,07646045601845097
73;1974.03;11,6197;1974;03;0,2243893700870372
74;1974.04;-20,2293;1974;04;-2,7409485614947027
75;1974.05;-4,5146;1974;05;-0,7768286594197525
76;1974.06;-0,3324;1974;06;-0,926372214592655
77;1974.07;14,0925;1974;07;-43,39620938628159
78;1974.08;-0,4466;1974;08;-1,0316906155756609
79;1974.09;-12,4888;1974;09;26,964173757277205
80;1974.10;-4,176;1974;10;-0,6656203958747038
81;1974.11;17,2763;1974;11;-5,137045019157088
82;1974.12;19,5504;1974;12;0,13163119417930935
83;1975.01;2,0815;1975;01;-0,8935315901464932
84;1975.02;-1,339;1975;02;-1,6432860917607495
85;1975.03;0,2962;1975;03;-1,221209858103062
86;1975.04;0,8723;1975;04;1,9449696151249154
87;1975.05;14,1631;1975;05;15,236501203714319
88;1975.06;30,4247;1975;06;1,1481667149141077
89;1975.07;9,7453;1975;07;-0,6796911719754015
90;1975.08;-12,426;1975;08;-2,275076190573918
91;1975.09;8,5839;1975;09;-1,6908015451472718
92;1975.10;-6,9238;1975;10;-1,806603059215508
93;1975.11;-4,0019;1975;11;-0,4220081458158814
94;1975.12;-4,7082;1975;12;0,17649116669581932
95;1976.01;20,4323;1976;01;-5,3397264347308955
96;1976.02;3,6752;1976;02;-0,8201279346916402
97;1976.03;-11,2119;1976;03;-4,050691118850676
98;1976.04;0,325;1976;04;-1,0289870583933143
99;1976.05;13,6974;1976;05;41,14584615384615
100;1976.06;14,5299;1976;06;0,060777957860615794
101;1976.07;-6,4677;1976;07;-1,445130386306857
102;1976.08;2,8875;1976;08;-1,446449278723503
103;1976.09;-7,2747;1976;09;-3,5193766233766235
104;1976.10;-15,3724;1976;10;1,113131812995725
105;1976.11;8,2824;1976;11;-1,5387837943327
106;1976.12;4,7371;1976;12;-0,42805225538491265
107;1977.01;10,7054;1977;01;1,259905849570412
108;1977.02;-1,7616;1977;02;-1,1645524688474975
109;1977.03;8,3556;1977;03;-5,743188010899183
110;1977.04;-0,669;1977;04;-1,0800660634783859
111;1977.05;-1,0635;1977;05;0,5896860986547083
112;1977.06;-0,8599;1977;06;-0,19144334743770564
113;1977.07;2,06;1977;07;-3,3956273985347134
114;1977.08;11,4731;1977;08;4,569466019417476
115;1977.09;9,7522;1977;09;-0,14999433457391642
116;1977.10;-0,5499;1977;10;-1,0563872767170484
117;1977.11;-4,6566;1977;11;7,468085106382977
118;1977.12;3,6935;1977;12;-1,793175278099901
119;1978.01;11,0097;1978;01;1,9808311899282525
120;1978.02;8,804;1978;02;-0,2003415170258953
121;1978.03;-1,6573;1978;03;-1,1882439800090867
122;1978.04;-6,7906;1978;04;3,097387316719966
123;1978.05;4,0681;1978;05;-1,5990781374252645
124;1978.06;-0,6898;1978;06;-1,1695631867456553
125;1978.07;5,1968;1978;07;-8,533777906639607
126;1978.08;-2,1032;1978;08;-1,404710591133005
127;1978.09;0,2498;1978;09;-1,1187713959680488
128;1978.10;-6,7032;1978;10;-27,834267413931144
129;1978.11;-4,1934;1978;11;-0,3744181883279628
130;1978.12;-1,0594;1978;12;-0,7473649067582391
131;1979.01;1,8315;1979;01;-2,728808759675288
132;1979.02;-3,7078;1979;02;-3,024460824460825
133;1979.03;3,2184;1979;03;-1,8680079831706133
134;1979.04;15,4788;1979;04;3,809470544369873
135;1979.05;8,2208;1979;05;-0,468899397886141
136;1979.06;-7,1731;1979;06;-1,8725549824834564
137;1979.07;-0,072;1979;07;-0,9899624987801647
138;1979.08;8,1892;1979;08;-114,7388888888889
139;1979.09;21,0877;1979;09;1,5750622771455092
140;1979.10;16,0037;1979;10;-0,24108840698606315
141;1979.11;-13,9539;1979;11;-1,871917119166193
142;1979.12;2,0753;1979;12;-1,1487254459326783
143;1980.01;27,5819;1980;01;12,290560400905894
144;1980.02;9,3217;1980;02;-0,6620356103096596
145;1980.03;5,9082;1980;03;-0,3661885707542616
146;1980.04;-3,3496;1980;04;-1,5669408618530178
147;1980.05;17,5929;1980;05;-6,252239073322188
148;1980.06;13,6427;1980;06;-0,22453376077849585
149;1980.07;2,3576;1980;07;-0,8271896325507414
150;1980.08;0,8753;1980;08;-0,6287326094333221
151;1980.09;-8,9871;1980;09;-11,267451159602421
152;1980.10;-5,1581;1980;10;-0,4260551234547295
153;1980.11;-7,6288;1980;11;0,47899420329190967
154;1980.12;-8,2016;1980;12;0,07508389261744952
155;1981.01;10,1947;1981;01;-2,243013558330082
156;1981.02;-1,4834;1981;02;-1,1455069791166
157;1981.03;-10,4023;1981;03;6,012471349602265
158;1981.04;6,4785;1981;04;-1,6227949588071868
159;1981.05;16,5542;1981;05;1,555251987342749
160;1981.06;9,4583;1981;06;-0,4286465066267172
161;1981.07;2,0021;1981;07;-0,7883234830783544
162;1981.08;13,5173;1981;08;5,751560861095849
163;1981.09;10,619;1981;09;-0,2144141211632501
164;1981.10;22,8932;1981;10;1,1558715509935023
165;1981.11;14,9808;1981;11;-0,345622280851956
166;1981.12;-10,5922;1981;12;-1,7070516928334936
167;1982.01;26,8982;1982;01;-3,5394346783482185
168;1982.02;13,2174;1982;02;-0,5086139592983917
169;1982.03;0,7352;1982;03;-0,9443763523839787
170;1982.04;3,3388;1982;04;3,5413492927094667
171;1982.05;25,0049;1982;05;6,4891877321193245
172;1982.06;3,3713;1982;06;-0,8651744258125407
173;1982.07;-7,9722;1982;07;-3,3647257734405125
174;1982.08;1,7391;1982;08;-1,2181455558064274
175;1982.09;-11,5368;1982;09;-7,633776091081593
176;1982.10;7,7439;1982;10;-1,671234657790722
177;1982.11;-8,304;1982;11;-2,072327896796188
178;1982.12;3,6386;1982;12;-1,438174373795761
179;1983.01;43,0245;1983;01;10,824465453745947
180;1983.02;16,9194;1983;02;-0,6067496426454695
181;1983.03;4,791;1983;03;-0,7168339302812157
182;1983.04;12,1492;1983;04;1,535838029638906
183;1983.05;0,5436;1983;05;-0,9552563131728838
184;1983.06;16,8006;1983;06;29,90618101545254
185;1983.07;-4,2459;1983;07;-1,2527231170315347
186;1983.08;8,8168;1983;08;-3,0765444310982364
187;1983.09;33,8639;1983;09;2,840837945739951
188;1983.10;39,1516;1983;10;0,15614563000717574
189;1983.11;33,3068;1983;11;-0,14928636377568216
190;1983.12;43,7686;1983;12;0,314104026805337
191;1984.01;6,3044;1984;01;-0,8559606658654835
192;1984.02;-11,1198;1984;02;-2,763815747731743
193;1984.03;18,2177;1984;03;-2,63831184014101
194;1984.04;41,2551;1984;04;1,2645613881005833
195;1984.05;9,1483;1984;05;-0,7782504466114493
196;1984.06;-5,106;1984;06;-1,5581364843741459
197;1984.07;0,0254;1984;07;-1,0049745397571483
198;1984.08;31,3372;1984;08;1232,748031496063
199;1984.09;0,5216;1984;09;-0,9833552455228929
200;1984.10;36,6904;1984;10;69,3420245398773
201;1984.11;50,0703;1984;11;0,36467032248217546
202;1984.12;22,4398;1984;12;-0,5518341212255569
203;1985.01;-4,4536;1985;01;-1,19846879205697
204;1985.02;8,4334;1985;02;-2,8936141548410275
205;1985.03;-5,1776;1985;03;-1,613939810752484
206;1985.04;-0,2259;1985;04;-0,9563697466007417
207;1985.05;45,4056;1985;05;-201,99867197875167
208;1985.06;52,0537;1985;06;0,14641586059869272
209;1985.07;18,351;1985;07;-0,647460218966183
210;1985.08;23,9819;1985;08;0,306844313661381
211;1985.09;31,0985;1985;09;0,29674879805186416
212;1985.10;24,1529;1985;10;-0,22334196183095656
213;1985.11;12,1326;1985;11;-0,4976752274054047
214;1985.12;-13,5835;1985;12;-2,1195868981092265
215;1986.01;1,4648;1986;01;-1,1078367136599552
216;1986.02;23,9098;1986;02;15,322910977607865
217;1986.03;90,8981;1986;03;2,8017089227011516
218;1986.04;23,5219;1986;04;-0,7412278144427662
219;1986.05;-11,0139;1986;05;-1,4682402356952458
220;1986.06;-9,5431;1986;06;-0,13354034447380114
221;1986.07;1,7263;1986;07;-1,1808950969810648
222;1986.08;-17,7247;1986;08;-11,267450616926373
223;1986.09;-23,835;1986;09;0,34473362031515364
224;1986.10;20,3611;1986;10;-1,8542521501992868
225;1986.11;-21,0833;1986;11;-2,035469596436342
226;1986.12;-2,2175;1986;12;-0,8948219680979733
227;1987.01;-23,3261;1987;01;9,519098083427284
228;1987.02;-3,662;1987;02;-0,843008475484543
229;1987.03;-3,0702;1987;03;-0,16160567995630803
230;1987.04;29,4118;1987;04;-10,579766790437105
231;1987.05;-10,6061;1987;05;-1,3606069672716392
232;1987.06;45,1108;1987;06;-5,253288202072392
233;1987.07;23,0907;1987;07;-0,48813366200555075
234;1987.08;-16,2044;1987;08;-1,7017717089564197
235;1987.09;29,007;1987;09;-2,790069363876478
236;1987.10;-19,3113;1987;10;-1,6657461991932982
237;1987.11;3,7657;1987;11;-1,194999818758965
238;1987.12;0,7258;1987;12;-0,8072602703348647
239;1988.01;52,8423;1988;01;71,80559382750069
240;1988.02;13,1482;1988;02;-0,7511803990363781
241;1988.03;83,5648;1988;03;5,355607611688293
242;1988.04;31,2484;1988;04;-0,6260578616833883
243;1988.05;18,1015;1988;05;-0,4207223409838583
244;1988.06;14,4972;1988;06;-0,1991160953512141
245;1988.07;3,6379;1988;07;-0,749061887812819
246;1988.08;29,165;1988;08;7,016987822644932
247;1988.09;45,3503;1988;09;0,5549562832161836
248;1988.10;31,8361;1988;10;-0,2979958236218945
249;1988.11;18,5031;1988;11;-0,4188012978976696
250;1988.12;54,6538;1988;12;1,953764504326302
251;1989.01;-2,0615;1989;01;-1,0377192436756457
252;1989.02;53,679;1989;02;-27,03880669415474
253;1989.03;46,4673;1989;03;-0,1343486279550662
254;1989.04;59,8815;1989;04;0,2886804268808387
255;1989.05;7,4614;1989;05;-0,8753972428880372
256;1989.06;-41,9792;1989;06;-6,6261827539067735
257;1989.07;69,5048;1989;07;-2,6556961542859323
258;1989.08;24,0445;1989;08;-0,6540598634914423
259;1989.09;47,4814;1989;09;0,9747301877768306
260;1989.10;51,4106;1989;10;0,08275240409928952
261;1989.11;-9,1287;1989;11;-1,1775645489451592
262;1989.12;98,6427;1989;12;-11,805777383417135
263;1990.01;63,0934;1990;01;-0,3603844988022429
264;1990.02;65,1607;1990;02;0,03276570925009592
265;1990.03;-56,1668;1990;03;-1,8619735515425708
266;1990.04;114,2543;1990;04;-3,0341963579908415
267;1990.05;-6,0563;1990;05;-1,0530071953528226
268;1990.06;20,3169;1990;06;-4,354671994452058
269;1990.07;69,2701;1990;07;2,4094817614892037
270;1990.08;-15,9312;1990;08;-1,229986675347661
271;1990.09;-7,8657;1990;09;-0,5062707140705032
272;1990.10;-22,7326;1990;10;1,8900924266117447
273;1990.11;48,532;1990;11;-3,134907577663795
274;1990.12;-5,1075;1990;12;-1,1052398417538944
275;1991.01;88,7422;1991;01;-18,374880078316203
276;1991.02;52,9002;1991;02;-0,40388901785170983
277;1991.03;-11,5101;1991;03;-1,2175814080097995
278;1991.04;3,9103;1991;04;-1,339727717396026
279;1991.05;67,3033;1991;05;16,211799606168324
280;1991.06;21,1587;1991;06;-0,6856216559960655
281;1991.07;33,1313;1991;07;0,5658476182374155
282;1991.08;15,8488;1991;08;-0,5216366396730585
283;1991.09;17,2696;1991;09;0,08964716571601627
284;1991.10;31,1323;1991;10;0,8027227034789457
285;1991.11;0,6731;1991;11;-0,9783793680518305
286;1991.12;88,1144;1991;12;129,90833457138612
287;1992.01;84,3984;1992;01;-0,04217244854416535
288;1992.02;29,3656;1992;02;-0,6520597546872926
289;1992.03;21,0857;1992;03;-0,28195916310240554
290;1992.04;28,5958;1992;04;0,35617029550833035
291;1992.05;14,7818;1992;05;-0,4830779345218529
292;1992.06;-22,5494;1992;06;-2,5254840411857824
293;1992.07;33,5393;1992;07;-2,48736995219385
294;1992.08;21,9067;1992;08;-0,3468349071089736
295;1992.09;36,1881;1992;09;0,6519192758379855
296;1992.10;3,7735;1992;10;-0,8957253903907638
297;1992.11;-0,9313;1992;11;-1,2468000530011925
298;1992.12;48,2303;1992;12;-52,78814560292065
299;1993.01;36,9368;1993;01;-0,23415778048239388
300;1993.02;51,2547;1993;02;0,3876323882956836
301;1993.03;36,5423;1993;03;-0,2870448953949589
302;1993.04;25,5945;1993;04;-0,2995925270166354
303;1993.05;47,0105;1993;05;0,8367422688468227
304;1993.06;51,7963;1993;06;0,10180278873868609
305;1993.07;22,0113;1993;07;-0,5750410743624546
306;1993.08;47,0377;1993;08;1,13697964227465
307;1993.09;52,0431;1993;09;0,10641251591808287
308;1993.10;25,7503;1993;10;-0,5052120261859883
309;1993.11;48,6466;1993;11;0,8891663398096332
310;1993.12;37,0105;1993;12;-0,23919657283345597
311;1994.01;97,2433;1994;01;1,627451669120925
312;1994.02;42,2996;1994;02;-0,5650127052455028
313;1994.03;43,8129;1994;03;0,035775752016567575
314;1994.04;12,7285;1994;04;-0,709480541119168
315;1994.05;44,4158;1994;05;2,489476371921279
316;1994.06;46,8507;1994;06;0,05482058186501204
317;1994.07;15,9587;1994;07;-0,659371151338187
318;1994.08;26,8512;1994;08;0,6825430642846848
319;1994.09;2,9009;1994;09;-0,8919638600881897
320;1994.10;-12,5109;1994;10;-5,312765003964286
321;1994.11;-2,9575;1994;11;-0,7636061354498876
322;1994.12;-6,4884;1994;12;1,1938799661876587
323;1995.01;-10,7697;1995;01;0,6598390974662474
324;1995.02;-15,8095;1995;02;0,4679610388404505
325;1995.03;-8,9244;1995;03;-0,43550396913248357
326;1995.04;28,0238;1995;04;-4,140132669983416
327;1995.05;-2,4438;1995;05;-1,0872044476480704
328;1995.06;-3,1501;1995;06;0,2890171045093708
329;1995.07;7,6069;1995;07;-3,4148122281832323
330;1995.08;11,1699;1995;08;0,4683905401674795
331;1995.09;8,3424;1995;09;-0,25313565922702985
332;1995.10;-11,6015;1995;10;-2,390666954353663
333;1995.11;6,0606;1995;11;-1,522397965780287
334;1995.12;-1,8157;1995;12;-1,2995907995907996
335;1996.01;19,8302;1996;01;-11,921517871895137
336;1996.02;-3,762;1996;02;-1,1897106433621447
337;1996.03;-0,0565;1996;03;-0,9849813928761297
338;1996.04;4,2221;1996;04;-75,72743362831858
339;1996.05;10,9177;1996;05;1,585845906065702
340;1996.06;5,5151;1996;06;-0,49484781593192706
341;1996.07;1,3137;1996;07;-0,7617994234012075
342;1996.08;2,2243;1996;08;0,693156732891832
343;1996.09;2,9939;1996;09;0,34599649327878446
344;1996.10;1,3386;1996;10;-0,5528908781188416
345;1996.11;2,0343;1996;11;0,5197220977140296
346;1996.12;5,6091;1996;12;1,7572629405692375
347;1997.01;13,1351;1997;01;1,3417482305539212
348;1997.02;10,8493;1997;02;-0,17402227619127375
349;1997.03;2,4386;1997;03;-0,7752297383241316
350;1997.04;10,3715;1997;04;3,253055031575494
351;1997.05;13,6446;1997;05;0,31558598081280453
352;1997.06;10,781;1997;06;-0,20987057150814237
353;1997.07;2,427;1997;07;-0,7748817363880902
354;1997.08;-17,5808;1997;08;-8,243840131850021
355;1997.09;11,198;1997;09;-1,6369448489261011
356;1997.10;-23,8281;1997;10;-3,1278889087337025
357;1997.11;4,5404;1997;11;-1,1905481343455835
358;1997.12;8,5374;1997;12;0,8803189146330719
359;1998.01;-4,6685;1998;01;-1,546829245437721
360;1998.02;8,7449;1998;02;-2,8731712541501553
361;1998.03;13,018;1998;03;0,48863909249962845
362;1998.04;-2,2518;1998;04;-1,1729758795513903
363;1998.05;-15,6804;1998;05;5,963495869970691
364;1998.06;-1,7063;1998;06;-0,8911826228922731
365;1998.07;10,6324;1998;07;-7,231260622399344
366;1998.08;-39,5536;1998;08;-4,720100823896768
367;1998.09;1,8696;1998;09;-1,0472675053598155
368;1998.10;6,8861;1998;10;2,683194266153188
369;1998.11;22,4777;1998;11;2,264213415431086
370;1998.12;-21,3996;1998;12;-1,9520369076907336
371;1999.01;20,4452;1999;01;-1,9554010355333746
372;1999.02;9,0442;1999;02;-0,5576370003717254
373;1999.03;20,0449;1999;03;1,2163264854824085
374;1999.04;6,1144;1999;04;-0,6949648040149863
375;1999.05;-2,2996;1999;05;-1,376095773910768
376;1999.06;4,8426;1999;06;-3,1058444946947295
377;1999.07;-10,1927;1999;07;-3,1047990748771324
378;1999.08;1,178;1999;08;-1,1155729100238405
379;1999.09;5,1306;1999;09;3,355348047538201
380;1999.10;5,3485;1999;10;0,042470666198884954
381;1999.11;17,7607;1999;11;2,3206880433766477
382;1999.12;24,0456;1999;12;0,35386555710079004
383;2000.01;-4,1133;2000;01;-1,1710624812855575
384;2000.02;7,7618;2000;02;-2,8870007050300246
385;2000.03;0,906;2000;03;-0,8832744981834111
386;2000.04;-12,8114;2000;04;-15,140618101545254
387;2000.05;-3,7395;2000;05;-0,708111525672448
388;2000.06;11,8414;2000;06;-4,166573071266212
389;2000.07;-1,6321;2000;07;-1,1378299863191852
390;2000.08;5,4212;2000;08;-4,32161019545371
391;2000.09;-8,1748;2000;09;-2,507931823212573
392;2000.10;-6,6612;2000;10;-0,18515437686548897
393;2000.11;-10,6276;2000;11;0,595448267579415
394;2000.12;14,8416;2000;12;-2,396514735217735
395;2001.01;15,8136;2001;01;0,06549159120310466
396;2001.02;-10,0781;2001;02;-1,6373058633075326
397;2001.03;-9,1435;2001;03;-0,09273573391809964
398;2001.04;3,3176;2001;04;-1,3628369880242794
399;2001.05;-1,7966;2001;05;-1,54153605015674
400;2001.06;-0,6144;2001;06;-0,6580207057775799
401;2001.07;-5,5292;2001;07;7,999348958333334
402;2001.08;-6,6453;2001;08;0,20185560298053962
403;2001.09;-17,1729;2001;09;1,5842174168209109
404;2001.10;6,8547;2001;10;-1,3991579756476775
405;2001.11;13,7892;2001;11;1,0116416473368637
406;2001.12;4,9957;2001;12;-0,6377092217097438
407;2002.01;-6,3048;2002;01;-2,2620453590087477
408;2002.02;10,3137;2002;02;-2,63584887704606
409;2002.03;-5,5512;2002;03;-1,5382355507722738
410;2002.04;-1,2751;2002;04;-0,7703019167026949
411;2002.05;-1,7119;2002;05;0,3425613677358639
412;2002.06;-13,3893;2002;06;6,821309655937847
413;2002.07;-12,362;2002;07;-0,07672544494484401
414;2002.08;6,3512;2002;08;-1,513767998705711
415;2002.09;-16,9524;2002;09;-3,6691648822269807
416;2002.10;17,9193;2002;10;-2,05703617186947
417;2002.11;3,354;2002;11;-0,812827510003181
418;2002.12;7,2326;2002;12;1,1564102564102563
419;2003.01;-2,902;2003;01;-1,4012388352736223
420;2003.02;-6,0415;2003;02;1,08184011026878
421;2003.03;9,6595;2003;03;-2,5988578995282627
422;2003.04;11,3812;2003;04;0,17823903928774776
423;2003.05;6,8891;2003;05;-0,39469475977928514
424;2003.06;-3,3455;2003;06;-1,4856222148030946
425;2003.07;4,6176;2003;07;-2,3802421162755945
426;2003.08;11,812;2003;08;1,5580388080388077
427;2003.09;5,5094;2003;09;-0,5335760243819844
428;2003.10;12,3173;2003;10;1,2356880967074453
429;2003.11;12,24;2003;11;-0,0062757260113822655
430;2003.12;10,1719;2003;12;-0,1689624183006535
431;2004.01;-1,7314;2004;01;-1,1702140209793648
432;2004.02;-0,4393;2004;02;-0,7462746910015017
433;2004.03;1,7789;2004;03;-5,049396767584794
434;2004.04;-11,4488;2004;04;-7,435887346112767
435;2004.05;-0,3213;2004;05;-0,9719359234155545
436;2004.06;8,2071;2004;06;-26,543417366946784
437;2004.07;5,6176;2004;07;-0,3155194892227462
438;2004.08;2,0908;2004;08;-0,6278125890059811
439;2004.09;1,9383;2004;09;-0,07293858810024889
440;2004.10;-0,8303;2004;10;-1,4283650621678792
441;2004.11;9,0057;2004;11;-11,846320607009513
442;2004.12;4,2502;2004;12;-0,5280544544011014
443;2005.01;-8,5051;2005;01;-3,0011058303138674
444;2005.02;17,4024;2005;02;-3,046113508365569
445;2005.03;-5,4337;2005;03;-1,312238541810325
446;2005.04;-6,6404;2005;04;0,22207703774591891
447;2005.05;1,4652;2005;05;-1,2206493584723812
448;2005.06;-0,6189;2005;06;-1,4223996723996724
449;2005.07;3,9559;2005;07;-7,391824204233317
450;2005.08;7,6876;2005;08;0,9433251598877623
451;2005.09;12,6195;2005;09;0,6415396222488163
452;2005.10;-4,4011;2005;10;-1,348753912595586
453;2005.11;5,7066;2005;11;-2,296630387857581
454;2005.12;4,822;2005;12;-0,1550134931482844
455;2006.01;14,7272;2006;01;2,0541683948569056
456;2006.02;0,594;2006;02;-0,9596664674887283
457;2006.03;-1,7068;2006;03;-3,8734006734006736
458;2006.04;6,3556;2006;04;-4,723693461448324
459;2006.05;-9,4963;2006;05;-2,4941626282333687
460;2006.06;0,2737;2006;06;-1,0288217516295821
461;2006.07;1,2203;2006;07;3,458531238582389
462;2006.08;-2,27;2006;08;-2,8601983118905188
463;2006.09;0,59;2006;09;-1,2599118942731278
464;2006.10;7,71;2006;10;12,067796610169491
465;2006.11;6,79;2006;11;-0,11932555123216604
466;2006.12;6,06;2006;12;-0,10751104565537561
467;2007.01;0,38;2007;01;-0,9372937293729373
468;2007.02;-1,67;2007;02;-5,394736842105263
469;2007.03;4,35;2007;03;-3,6047904191616764
470;2007.04;6,88;2007;04;0,581609195402299
471;2007.05;6,76;2007;05;-0,01744186046511631
472;2007.06;4,06;2007;06;-0,3994082840236687
473;2007.07;-0,38;2007;07;-1,0935960591133005
474;2007.08;0,83;2007;08;-3,1842105263157894
475;2007.09;10,66;2007;09;11,843373493975905
476;2007.10;8,02;2007;10;-0,2476547842401502
477;2007.11;-3,53;2007;11;-1,440149625935162
478;2007.12;1,4;2007;12;-1,3966005665722379
479;2008.01;-6,88;2008;01;-5,914285714285715
480;2008.02;6,72;2008;02;-1,9767441860465116
481;2008.03;-3,97;2008;03;-1,5907738095238095
482;2008.04;11,31;2008;04;-3,8488664987405543
483;2008.05;6,96;2008;05;-0,3846153846153847
484;2008.06;-10,44;2008;06;-2,5
485;2008.07;-8,47;2008;07;-0,18869731800766276
486;2008.08;-6,42;2008;08;-0,24203069657615117
487;2008.09;-11,02;2008;09;0,7165109034267911
488;2008.10;-24,79;2008;10;1,2495462794918328
489;2008.11;-1,77;2008;11;-0,9286002420330779
490;2008.12;2,6;2008;12;-2,4689265536723166
491;2009.01;4,66;2009;01;0,7923076923076924
492;2009.02;-2,84;2009;02;-1,6094420600858368
493;2009.03;7,18;2009;03;-3,528169014084507
494;2009.04;15,54;2009;04;1,1643454038997216
495;2009.05;12,49;2009;05;-0,19626769626769625
496;2009.06;-3,26;2009;06;-1,2610088070456364
497;2009.07;6,41;2009;07;-2,9662576687116564
498;2009.08;3,15;2009;08;-0,5085803432137286
499;2009.09;8,9;2009;09;1,8253968253968256
500;2009.10;0,05;2009;10;-0,9943820224719101
501;2009.11;8,93;2009;11;177,6
502;2009.12;2,3;2009;12;-0,7424412094064949
503;2010.01;-4,65;2010;01;-3,0217391304347827
504;2010.02;1,68;2010;02;-1,3612903225806452
505;2010.03;5,82;2010;03;2,4642857142857144
506;2010.04;-4,04;2010;04;-1,6941580756013745
507;2010.05;-6,64;2010;05;0,6435643564356435
508;2010.06;-3,34;2010;06;-0,4969879518072289
509;2010.07;10,8;2010;07;-4,233532934131737
510;2010.08;-3,51;2010;08;-1,325
511;2010.09;6,58;2010;09;-2,8746438746438745
512;2010.10;1,79;2010;10;-0,7279635258358663
513;2010.11;-4,2;2010;11;-3,346368715083799
514;2010.12;2,36;2010;12;-1,561904761904762
515;2011.01;-3,94;2011;01;-2,669491525423729
516;2011.02;1,22;2011;02;-1,3096446700507614
517;2011.03;1,79;2011;03;0,4672131147540983
518;2011.04;-3,58;2011;04;-3,0
519;2011.05;-2,29;2011;05;-0,36033519553072624
520;2011.06;-3,43;2011;06;0,49781659388646293
521;2011.07;-5,74;2011;07;0,6734693877551021
522;2011.08;-3,96;2011;08;-0,31010452961672474
523;2011.09;-7,38;2011;09;0,8636363636363635
524;2011.10;11,49;2011;10;-2,556910569105691
525;2011.11;-2,51;2011;11;-1,2184508268059182
526;2011.12;-0,21;2011;12;-0,9163346613545816
527;2012.01;11,13;2012;01;-54,00000000000001
528;2012.02;4,34;2012;02;-0,6100628930817611
529;2012.03;-1,98;2012;03;-1,456221198156682
530;2012.04;-4,17;2012;04;1,106060606060606
531;2012.05;-11,86;2012;05;1,8441247002398082
532;2012.06;-0,25;2012;06;-0,978920741989882
533;2012.07;3,21;2012;07;-13,84
534;2012.08;1,72;2012;08;-0,4641744548286605
535;2012.09;3,7;2012;09;1,1511627906976747
536;2012.10;-3,56;2012;10;-1,962162162162162
537;2012.11;0,71;2012;11;-1,199438202247191
538;2012.12;6,05;2012;12;7,52112676056338
539;2013.01;-1,95;2013;01;-1,322314049586777
540;2013.02;-3,91;2013;02;1,005128205128205
541;2013.03;-1,87;2013;03;-0,5217391304347826
542;2013.04;-0,78;2013;04;-0,5828877005347594
543;2013.05;-4,3;2013;05;4,512820512820513
544;2013.06;-11,31;2013;06;1,630232558139535
545;2013.07;1,64;2013;07;-1,1450044208664898
546;2013.08;3,68;2013;08;1,2439024390243905
547;2013.09;4,65;2013;09;0,26358695652173925
548;2013.10;3,66;2013;10;-0,2129032258064516
549;2013.11;-3,27;2013;11;-1,8934426229508197
550;2013.12;-1,86;2013;12;-0,4311926605504587
551;2014.01;-7,51;2014;01;3,03763440860215
552;2014.02;-1,14;2014;02;-0,848202396804261
553;2014.03;7,05;2014;03;-7,18421052631579
554;2014.04;2,4;2014;04;-0,6595744680851063
555;2014.05;-0,75;2014;05;-1,3125
556;2014.06;3,76;2014;06;-6,013333333333333
557;2014.07;5,0;2014;07;0,32978723404255317
558;2014.08;9,78;2014;08;0,956
559;2014.09;-11,7;2014;09;-2,1963190184049077
560;2014.10;0,95;2014;10;-1,0811965811965811
561;2014.11;0,18;2014;11;-0,8105263157894737
562;2014.12;-8,62;2014;12;-48,888888888888886
563;2015.01;-6,2;2015;01;-0,2807424593967517
564;2015.02;9,97;2015;02;-2,6080645161290326
565;2015.03;-0,84;2015;03;-1,0842527582748245
566;2015.04;9,93;2015;04;-12,821428571428571
567;2015.05;-6,17;2015;05;-1,62134944612286
568;2015.06;0,61;2015;06;-1,0988654781199352
569;2015.07;-4,17;2015;07;-7,836065573770492
570;2015.08;-8,33;2015;08;0,9976019184652278
571;2015.09;-3,36;2015;09;-0,596638655462185
572;2015.10;1,8;2015;10;-1,5357142857142856
573;2015.11;-1,63;2015;11;-1,9055555555555554
574;2015.12;-3,93;2015;12;1,4110429447852764
575;2016.01;-6,79;2016;01;0,727735368956743
576;2016.02;5,91;2016;02;-1,87039764359352
577;2016.03;16,97;2016;03;1,8714043993231808
578;2016.04;7,7;2016;04;-0,5462581025338833
579;2016.05;-10,09;2016;05;-2,3103896103896107
580;2016.06;6,3;2016;06;-1,624380574826561
581;2016.07;11,22;2016;07;0,7809523809523811
582;2016.08;1,03;2016;08;-0,9081996434937611
583;2016.09;0,8;2016;09;-0,22330097087378642
584;2016.10;11,23;2016;10;13,0375
585;2016.11;-4,65;2016;11;-1,4140694568121104
586;2016.12;-2,71;2016;12;-0,41720430107526885
587;2017.01;7,38;2017;01;-3,7232472324723247
588;2017.02;3,08;2017;02;-0,5826558265582655
589;2017.03;-2,52;2017;03;-1,8181818181818181
590;2017.04;0,64;2017;04;-1,253968253968254
591;2017.05;-4,12;2017;05;-7,4375
592;2017.06;0,3;2017;06;-1,0728155339805825
593;2017.07;4,8;2017;07;15,0
594;2017.08;7,46;2017;08;0,5541666666666667
595;2017.09;4,88;2017;09;-0,34584450402144773
596;2017.10;0,02;2017;10;-0,9959016393442623
597;2017.11;-3,15;2017;11;-158,5
598;2017.12;6,16;2017;12;-2,9555555555555557
599;2018.01;11,14;2018;01;0,8084415584415585
600;2018.02;0,52;2018;02;-0,9533213644524237
601;2018.03;0,01;2018;03;-0,9807692307692307
602;2018.04;0,88;2018;04;87,0
603;2018.05;-10,87;2018;05;-13,352272727272727
604;2018.06;-5,2;2018;06;-0,5216191352345906
605;2018.07;8,88;2018;07;-2,707692307692308
606;2018.08;-3,21;2018;08;-1,3614864864864864
607;2018.09;3,48;2018;09;-2,08411214953271
608;2018.10;10,19;2018;10;1,9281609195402298
609;2018.11;2,38;2018;11;-0,7664376840039254
610;2018.12;-1,81;2018;12;-1,7605042016806722
611;2019.01;10,82;2019;01;-6,9779005524861875
612;2019.02;-1,86;2019;02;-1,1719038817005545
613;2019.03;-0,18;2019;03;-0,9032258064516129
614;2019.04;0,98;2019;04;-6,444444444444445
615;2019.05;0,7;2019;05;-0,2857142857142857
616;2019.06;4,06;2019;06;4,8
617;2019.07;0,84;2019;07;-0,7931034482758621
618;2019.08;-0,67;2019;08;-1,7976190476190477
619;2019.09;3,57;2019;09;-6,3283582089552235
620;2019.10;2,36;2019;10;-0,3389355742296919
621;2019.11;0,95;2019;11;-0,597457627118644
622;2019.12;6,85;2019;12;6,2105263157894735
623;2020.01;-1,63;2020;01;-1,237956204379562
624;2020.02;-8,43;2020;02;4,171779141104294
625;2020.03;-29,9;2020;03;2,546856465005931
626;2020.04;10,25;2020;04;-1,3428093645484949
627;2020.05;8,57;2020;05;-0,16390243902439017
628;2020.06;8,76;2020;06;0,022170361726954413
629;2020.07;8,27;2020;07;-0,05593607305936077
630;2020.08;-3,44;2020;08;-1,4159613059250302
631;2020.09;-4,8;2020;09;0,39534883720930236
632;2020.10;-0,69;2020;10;-0,85625
633;2020.11;15,9;2020;11;-24,043478260869566
634;2020.12;9,3;2020;12;-0,41509433962264153
635;2021.01;-3,32;2021;01;-1,356989247311828
636;2021.02;-4,37;2021;02;0,316265060240964
637;2021.03;6,0;2021;03;-2,3729977116704806
638;2021.04;1,94;2021;04;-0,6766666666666667
639;2021.05;6,16;2021;05;2,175257731958763
640;2021.06;0,46;2021;06;-0,9253246753246753
641;2021.07;-3,94;2021;07;-9,565217391304348
642;2021.08;-2,48;2021;08;-0,37055837563451777
643;2021.09;-6,57;2021;09;1,649193548387097
644;2021.10;-6,74;2021;10;0,025875190258751957
645;2021.11;-1,53;2021;11;-0,7729970326409495
646;2021.12;2,85;2021;12;-2,8627450980392157
647;2022.01;6,98;2022;01;1,449122807017544
648;2022.02;0,89;2022;02;-0,8724928366762178
649;2022.03;6,06;2022;03;5,808988764044943
650;2022.04;-10,1;2022;04;-2,666666666666667
651;2022.05;3,22;2022;05;-1,3188118811881189
652;2022.06;-11,5;2022;06;-4,571428571428571
653;2022.07;4,69;2022;07;-1,4078260869565218
654;2022.08;0,19;2022;08;-0,9594882729211087
655;2022.09;0,47;2022;09;1,4736842105263155
656;2022.10;5,74;2022;10;11,212765957446809
657;2022.11;-3,06;2022;11;-1,533101045296167
658;2022.12;0,5;2022;12;-1,1633986928104576
