;data;INPC;ano;mês;variação
0;1979.03;5,5765e-09;1979;03;
1;1979.04;5,7689e-09;1979;04;0,034501927732448534
2;1979.05;5,8704e-09;1979;05;0,01759434207561239
3;1979.06;6,0465e-09;1979;06;0,02999795584627951
4;1979.07;6,3705e-09;1979;07;0,05358471843215096
5;1979.08;6,739e-09;1979;08;0,057844753159092654
6;1979.09;7,1843e-09;1979;09;0,0660780531236087
7;1979.10;7,5481e-09;1979;10;0,050638197179961875
8;1979.11;8,0089e-09;1979;11;0,06104847577536088
9;1979.12;8,3698e-09;1979;12;0,045062368115471596
10;1980.01;8,919e-09;1980;01;0,06561686061793592
11;1980.02;9,289e-09;1980;02;0,0414844713532907
12;1980.03;9,7649e-09;1980;03;0,051232640757885584
13;1980.04;1,0239e-08;1980;04;0,04855144445923676
14;1980.05;1,0805e-08;1980;05;0,05527883582381099
15;1980.06;1,1402e-08;1980;06;0,055252198056455315
16;1980.07;1,2031e-08;1980;07;0,05516576039291343
17;1980.08;1,265e-08;1980;08;0,05145041974898179
18;1980.09;1,3213e-08;1980;09;0,04450592885375482
19;1980.10;1,4487e-08;1980;10;0,09642019223492015
20;1980.11;1,565e-08;1980;11;0,08027887071167261
21;1980.12;1,6715e-08;1980;12;0,06805111821086252
22;1981.01;1,7753e-08;1981;01;0,062099910260245306
23;1981.02;1,8827e-08;1981;02;0,06049681743930613
24;1981.03;1,9835e-08;1981;03;0,053540128538800635
25;1981.04;2,1132e-08;1981;04;0,06538946307033022
26;1981.05;2,2297e-08;1981;05;0,05512966117736129
27;1981.06;2,3428e-08;1981;06;0,05072431268780542
28;1981.07;2,4881e-08;1981;07;0,062019805361106295
29;1981.08;2,6405e-08;1981;08;0,06125155741328725
30;1981.09;2,7798e-08;1981;09;0,05275516000757419
31;1981.10;2,9083e-08;1981;10;0,04622634721922436
32;1981.11;3,0604e-08;1981;11;0,05229859368015677
33;1981.12;3,2345e-08;1981;12;0,05688798849823562
34;1982.01;3,4516e-08;1982;01;0,06712011130004636
35;1982.02;3,6786e-08;1982;02;0,06576660099663934
36;1982.03;3,8713e-08;1982;03;0,052384059152938534
37;1982.04;4,0899e-08;1982;04;0,056466819931289436
38;1982.05;4,3625e-08;1982;05;0,06665199638132968
39;1982.06;4,6741e-08;1982;06;0,07142693409742118
40;1982.07;4,9729e-08;1982;07;0,06392674525577124
41;1982.08;5,2497e-08;1982;08;0,0556616863399626
42;1982.09;5,4757e-08;1982;09;0,043050079052136425
43;1982.10;5,6896e-08;1982;10;0,039063498730755875
44;1982.11;5,9888e-08;1982;11;0,05258717660292467
45;1982.12;6,479e-08;1982;12;0,08185279187817263
46;1983.01;7,0715e-08;1983;01;0,0914492977311312
47;1983.02;7,6401e-08;1983;02;0,08040726861344849
48;1983.03;8,1917e-08;1983;03;0,07219800787947817
49;1983.04;8,7296e-08;1983;04;0,0656640257821941
50;1983.05;9,3152e-08;1983;05;0,0670821114369502
51;1983.06;1,0324e-07;1983;06;0,10829611817244933
52;1983.07;1,1504e-07;1983;07;0,1142967841921736
53;1983.08;1,2637e-07;1983;08;0,09848748261474283
54;1983.09;1,4062e-07;1983;09;0,11276410540476367
55;1983.10;1,5481e-07;1983;10;0,10091025458682967
56;1983.11;1,6623e-07;1983;11;0,07376784445449269
57;1983.12;1,801e-07;1983;12;0,08343860915598866
58;1984.01;1,9701e-07;1984;01;0,09389228206551903
59;1984.02;2,1619e-07;1984;02;0,09735546418963503
60;1984.03;2,3745e-07;1984;03;0,09833942365511805
61;1984.04;2,6007e-07;1984;04;0,09526216045483271
62;1984.05;2,8271e-07;1984;05;0,08705348560003068
63;1984.06;3,1088e-07;1984;06;0,0996427434473488
64;1984.07;3,3919e-07;1984;07;0,09106407617086987
65;1984.08;3,6826e-07;1984;08;0,08570417759957549
66;1984.09;4,0915e-07;1984;09;0,1110356813121165
67;1984.10;4,5207e-07;1984;10;0,10490040327508243
68;1984.11;4,9875e-07;1984;11;0,10325834494657915
69;1984.12;5,5671e-07;1984;12;0,11621052631578932
70;1985.01;6,2261e-07;1985;01;0,11837401878895659
71;1985.02;6,9078e-07;1985;02;0,10949069240776721
72;1985.03;7,5947e-07;1985;03;0,0994383161064305
73;1985.04;8,2466e-07;1985;04;0,08583617522746123
74;1985.05;8,8406e-07;1985;05;0,07202968496107487
75;1985.06;9,5775e-07;1985;06;0,08335407099065684
76;1985.07;1,0543e-06;1985;07;0,10080918820151386
77;1985.08;1,1767e-06;1985;08;0,11609598785924313
78;1985.09;1,2954e-06;1985;09;0,10087532931078425
79;1985.10;1,4282e-06;1985;10;0,10251659719005723
80;1985.11;1,6307e-06;1985;11;0,14178686458479195
81;1985.12;1,8876e-06;1985;12;0,15753970687434848
82;1986.01;2,1709e-06;1986;01;0,15008476372112733
83;1986.02;2,4416e-06;1986;02;0,12469482703026413
84;1986.03;2,5191e-06;1986;03;0,031741480996068105
85;1986.04;2,5299e-06;1986;04;0,004287245444801746
86;1986.05;2,5571e-06;1986;05;0,01075141309933203
87;1986.06;2,5818e-06;1986;06;0,009659379766141285
88;1986.07;2,6052e-06;1986;07;0,009063444108761365
89;1986.08;2,6425e-06;1986;08;0,014317518808536711
90;1986.09;2,674e-06;1986;09;0,01192052980132452
91;1986.10;2,7123e-06;1986;10;0,014323111443530268
92;1986.11;2,8014e-06;1986;11;0,03285034841278622
93;1986.12;3,005e-06;1986;12;0,07267794674091532
94;1987.01;3,5103e-06;1987;01;0,16815307820299497
95;1987.02;3,9998e-06;1987;02;0,13944677093125946
96;1987.03;4,5756e-06;1987;03;0,1439571978598928
97;1987.04;5,5346e-06;1987;04;0,2095899991257979
98;1987.05;6,8153e-06;1987;05;0,23139883641094205
99;1987.06;8,2671e-06;1987;06;0,21302070341731105
100;1987.07;9,088e-06;1987;07;0,09929721425893012
101;1987.08;9,5505e-06;1987;08;0,05089128521126751
102;1987.09;1,0233e-05;1987;09;0,07146222710852834
103;1987.10;1,1347e-05;1987;10;0,1088634808951432
104;1987.11;1,3041e-05;1987;11;0,14929056138186292
105;1987.12;1,4863e-05;1987;12;0,1397132121769804
106;1988.01;1,7682e-05;1988;01;0,18966561259503467
107;1988.02;2,0478e-05;1988;02;0,15812690872073287
108;1988.03;2,4182e-05;1988;03;0,18087703877331784
109;1988.04;2,8615e-05;1988;04;0,18331817054007105
110;1988.05;3,3834e-05;1988;05;0,1823868600384415
111;1988.06;4,1372e-05;1988;06;0,2227936395341965
112;1988.07;0,0001;1988;07;1,4170936865512909
113;1988.08;0,0001;1988;08;0,0
114;1988.09;0,0001;1988;09;0,0
115;1988.10;0,0001;1988;10;0,0
116;1988.11;0,0001;1988;11;0,0
117;1988.12;0,0002;1988;12;1,0
118;1989.01;0,0002;1989;01;0,0
119;1989.02;0,0003;1989;02;0,4999999999999998
120;1989.03;0,0003;1989;03;0,0
121;1989.04;0,0003;1989;04;0,0
122;1989.05;0,0003;1989;05;0,0
123;1989.06;0,0004;1989;06;0,3333333333333335
124;1989.07;0,0006;1989;07;0,4999999999999998
125;1989.08;0,0008;1989;08;0,3333333333333335
126;1989.09;0,001;1989;09;0,25
127;1989.10;0,0014;1989;10;0,3999999999999999
128;1989.11;0,0021;1989;11;0,5
129;1989.12;0,0032;1989;12;0,523809523809524
130;1990.01;0,0054;1990;01;0,6875
131;1990.02;0,0093;1990;02;0,7222222222222221
132;1990.03;0,017;1990;03;0,8279569892473122
133;1990.04;0,0195;1990;04;0,1470588235294117
134;1990.05;0,0209;1990;05;0,07179487179487176
135;1990.06;0,0234;1990;06;0,11961722488038284
136;1990.07;0,0263;1990;07;0,12393162393162394
137;1990.08;0,0295;1990;08;0,1216730038022813
138;1990.09;0,0337;1990;09;0,14237288135593218
139;1990.10;0,0386;1990;10;0,1454005934718101
140;1990.11;0,0451;1990;11;0,16839378238341962
141;1990.12;0,0538;1990;12;0,19290465631929044
142;1991.01;0,065;1991;01;0,20817843866171004
143;1991.02;0,0782;1991;02;0,20307692307692315
144;1991.03;0,0874;1991;03;0,11764705882352944
145;1991.04;0,0918;1991;04;0,05034324942791768
146;1991.05;0,0979;1991;05;0,06644880174291923
147;1991.06;0,1085;1991;06;0,10827374872318685
148;1991.07;0,1217;1991;07;0,12165898617511517
149;1991.08;0,1407;1991;08;0,15612161051766638
150;1991.09;0,1626;1991;09;0,15565031982942434
151;1991.10;0,1969;1991;10;0,21094710947109463
152;1991.11;0,2491;1991;11;0,26510919248349407
153;1991.12;0,3092;1991;12;0,24126856684062625
154;1992.01;0,3894;1992;01;0,25937904269081513
155;1992.02;0,4847;1992;02;0,24473549049820242
156;1992.03;0,5895;1992;03;0,21621621621621623
157;1992.04;0,7123;1992;04;0,20831212892281603
158;1992.05;0,8868;1992;05;0,24498104731152592
159;1992.06;1,0718;1992;06;0,20861524582769508
160;1992.07;1,3084;1992;07;0,2207501399514833
161;1992.08;1,6012;1992;08;0,22378477529807395
162;1992.09;1,9852;1992;09;0,23982013489882603
163;1992.10;2,5027;1992;10;0,260679024783397
164;1992.11;3,0756;1992;11;0,22891277420385991
165;1992.12;3,8623;1992;12;0,2557874886201066
166;1993.01;4,9735;1993;01;0,28770421769412
167;1993.02;6,2065;1993;02;0,2479139439026843
168;1993.03;7,9182;1993;03;0,2757915089019576
169;1993.04;10,1646;1993;04;0,2837008411002502
170;1993.05;12,8867;1993;05;0,26780197941876693
171;1993.06;16,8004;1993;06;0,30370071469033966
172;1993.07;22,0101;1993;07;0,3100938072903028
173;1993.08;29,3483;1993;08;0,33340148386422586
174;1993.09;39,8051;1993;09;0,3563000241922021
175;1993.10;53,3866;1993;10;0,3411999969853108
176;1993.11;72,6058;1993;11;0,36000044955101096
177;1993.12;100,0;1993;12;0,3773004360533181
178;1994.01;141,32;1994;01;0,4132
179;1994.02;198,65;1994;02;0,4056750636852535
180;1994.03;284,23;1994;03;0,4308079536873899
181;1994.04;406,05;1994;04;0,42859655912465255
182;1994.05;579,56;1994;05;0,42731190740056624
183;1994.06;859,14;1994;06;0,4824004417144041
184;1994.07;925,72;1994;07;0,07749610075191482
185;1994.08;942,85;1994;08;0,01850451540422582
186;1994.09;956,05;1994;09;0,014000106061409445
187;1994.10;983,01;1994;10;0,028199361958056723
188;1994.11;1012,11;1994;11;0,029602954191717323
189;1994.12;1029,32;1994;12;0,017004080584126058
190;1995.01;1044,14;1995;01;0,014397854894493634
191;1995.02;1054,69;1995;02;0,010104009040933226
192;1995.03;1071,78;1995;03;0,01620381344281241
193;1995.04;1098,47;1995;04;0,02490249864711047
194;1995.05;1121,54;1995;05;0,021001939060693475
195;1995.06;1145,99;1995;06;0,021800381618132247
196;1995.07;1174,18;1995;07;0,02459881848881751
197;1995.08;1186,16;1995;08;0,010202864978112292
198;1995.09;1200,04;1995;09;0,011701625413097716
199;1995.10;1216,84;1995;10;0,01399953334888826
200;1995.11;1235,21;1995;11;0,015096479405673824
201;1995.12;1255,59;1995;12;0,016499218756324652
202;1996.01;1273,92;1996;01;0,014598714548539116
203;1996.02;1282,96;1996;02;0,007096206983169928
204;1996.03;1286,68;1996;03;0,002899544802643872
205;1996.04;1298,65;1996;04;0,009303012404016542
206;1996.05;1315,27;1996;05;0,012797905517267782
207;1996.06;1332,76;1996;06;0,013297649912185294
208;1996.07;1348,75;1996;07;0,011997658993367244
209;1996.08;1355,49;1996;08;0,004997219647822071
210;1996.09;1355,76;1996;09;0,00019918996082601836
211;1996.10;1360,91;1996;10;0,0037986074231428635
212;1996.11;1365,54;1996;11;0,0034021353359148243
213;1996.12;1370,05;1996;12;0,003302722732398955
214;1997.01;1381,15;1997;01;0,008101894091456563
215;1997.02;1387,37;1997;02;0,0045034934655900916
216;1997.03;1396,8;1997;03;0,006797033235546479
217;1997.04;1405,18;1997;04;0,005999427262313839
218;1997.05;1406,73;1997;05;0,0011030615294838064
219;1997.06;1411,65;1997;06;0,0034974728625962737
220;1997.07;1414,19;1997;07;0,001799312860836677
221;1997.08;1413,77;1997;08;-0,0002969897962792345
222;1997.09;1415,18;1997;09;0,0009973333710575627
223;1997.10;1419,28;1997;10;0,0028971579587049323
224;1997.11;1421,41;1997;11;0,0015007609492136975
225;1997.12;1429,51;1997;12;0,005698566915949499
226;1998.01;1441,66;1998;01;0,00849941588376435
227;1998.02;1449,44;1998;02;0,005396556747083281
228;1998.03;1456,54;1998;03;0,004898443536814234
229;1998.04;1463,09;1998;04;0,004496958545594287
230;1998.05;1473,62;1998;05;0,00719709655591938
231;1998.06;1475,83;1998;06;0,0014997082015717478
232;1998.07;1471,7;1998;07;-0,0027984252928859865
233;1998.08;1464,49;1998;08;-0,004899096283209947
234;1998.09;1459,95;1998;09;-0,003100055309356864
235;1998.10;1461,56;1998;10;0,0011027774923797473
236;1998.11;1458,93;1998;11;-0,0017994471660416345
237;1998.12;1465,06;1998;12;0,004201709472010151
238;1999.01;1474,58;1999;01;0,0064980273845438585
239;1999.02;1493,6;1999;02;0,012898588072535855
240;1999.03;1512,72;1999;03;0,012801285484735025
241;1999.04;1519,83;1999;04;0,0047001427891479874
242;1999.05;1520,59;1999;05;0,0005000559273076188
243;1999.06;1521,65;1999;06;0,0006970978370239855
244;1999.07;1532,91;1999;07;0,0073998619919166675
245;1999.08;1541,34;1999;08;0,005499344384210403
246;1999.09;1547,35;1999;09;0,0038992045882153548
247;1999.10;1562,2;1999;10;0,009597053026141555
248;1999.11;1576,88;1999;11;0,009397004224811267
249;1999.12;1588,55;1999;12;0,007400689970067376
250;2000.01;1598,24;2000;01;0,00609990242674141
251;2000.02;1599,04;2000;02;0,0005005506056661169
252;2000.03;1601,12;2000;03;0,001300780468280971
253;2000.04;1602,56;2000;04;0,0008993704406916603
254;2000.05;1601,76;2000;05;-0,0004992012779552191
255;2000.06;1606,57;2000;06;0,0030029467585654945
256;2000.07;1628,9;2000;07;0,013899176506470434
257;2000.08;1648,61;2000;08;0,012100190312480663
258;2000.09;1655,7;2000;09;0,004300592620450017
259;2000.10;1658,35;2000;10;0,0016005314972518114
260;2000.11;1663,16;2000;11;0,002900473362076772
261;2000.12;1672,31;2000;12;0,005501575314461604
262;2001.01;1685,19;2001;01;0,007701921294496872
263;2001.02;1693,45;2001;02;0,004901524457182838
264;2001.03;1701,58;2001;03;0,004800850335114681
265;2001.04;1715,87;2001;04;0,008398077081300803
266;2001.05;1725,65;2001;05;0,005699732497217225
267;2001.06;1736,0;2001;06;0,005997739982035677
268;2001.07;1755,27;2001;07;0,011100230414746504
269;2001.08;1769,14;2001;08;0,007901918223407245
270;2001.09;1776,92;2001;09;0,0043976169212158744
271;2001.10;1793,62;2001;10;0,009398284672354373
272;2001.11;1816,76;2001;11;0,012901283437963595
273;2001.12;1830,2;2001;12;0,007397785067923213
274;2002.01;1849,78;2002;01;0,010698284340509234
275;2002.02;1855,51;2002;02;0,0030976656683496806
276;2002.03;1867,01;2002;03;0,006197756950919064
277;2002.04;1879,71;2002;04;0,006802320287518482
278;2002.05;1881,4;2002;05;0,0008990748572919038
279;2002.06;1892,88;2002;06;0,006101839056022129
280;2002.07;1914,65;2002;07;0,011500993195553866
281;2002.08;1931,12;2002;08;0,00860209437756243
282;2002.09;1947,15;2002;09;0,008300882389494335
283;2002.10;1977,72;2002;10;0,015699869039365266
284;2002.11;2044,76;2002;11;0,03389761948101855
285;2002.12;2099,97;2002;12;0,02700072380132612
286;2003.01;2151,84;2003;01;0,02470035286218386
287;2003.02;2183,26;2003;02;0,014601457357424463
288;2003.03;2213,17;2003;03;0,013699696783708637
289;2003.04;2243,71;2003;04;0,013799211086360286
290;2003.05;2265,92;2003;05;0,009898783710907466
291;2003.06;2264,56;2003;06;-0,0006001977121875557
292;2003.07;2265,47;2003;07;0,00040184406683851925
293;2003.08;2269,55;2003;08;0,0018009507960821125
294;2003.09;2288,16;2003;09;0,00819986340904566
295;2003.10;2297,08;2003;10;0,0038983287881966255
296;2003.11;2305,58;2003;11;0,003700350009577358
297;2003.12;2318,03;2003;12;0,005399942747595032
298;2004.01;2337,27;2004;01;0,008300151421681168
299;2004.02;2346,39;2004;02;0,0039019882170223674
300;2004.03;2359,76;2004;03;0,005698114976623758
301;2004.04;2369,43;2004;04;0,004097874360104337
302;2004.05;2378,91;2004;05;0,0040009622567453995
303;2004.06;2390,8;2004;06;0,0049980873593369335
304;2004.07;2408,25;2004;07;0,007298812113100128
305;2004.08;2420,29;2004;08;0,004999480950897972
306;2004.09;2424,4;2004;09;0,001698143610889602
307;2004.10;2428,52;2004;10;0,001699389539679963
308;2004.11;2439,21;2004;11;0,0044018579216971165
309;2004.12;2460,19;2004;12;0,008601145452830972
310;2005.01;2474,21;2005;01;0,005698746844755798
311;2005.02;2485,1;2005;02;0,004401404892874883
312;2005.03;2503,24;2005;03;0,007299505050098576
313;2005.04;2526,02;2005;04;0,009100206132852007
314;2005.05;2543,7;2005;05;0,00699915281747554
315;2005.06;2540,9;2005;06;-0,0011007587372723338
316;2005.07;2541,66;2005;07;0,0002991066157660427
317;2005.08;2541,66;2005;08;0,0
318;2005.09;2545,47;2005;09;0,0014990203252991385
319;2005.10;2560,23;2005;10;0,005798536223172945
320;2005.11;2574,05;2005;11;0,0053979525277025875
321;2005.12;2584,35;2005;12;0,0040014762727995645
322;2006.01;2594,17;2006;01;0,003799794919418842
323;2006.02;2600,14;2006;02;0,002301314100463747
324;2006.03;2607,16;2006;03;0,0026998546232126497
325;2006.04;2610,29;2006;04;0,0012005400512435926
326;2006.05;2613,68;2006;05;0,0012987062740155153
327;2006.06;2611,85;2006;06;-0,0007001622233785421
328;2006.07;2614,72;2006;07;0,0010988379883989374
329;2006.08;2614,2;2006;08;-0,00019887406682173037
330;2006.09;2618,38;2006;09;0,0015989595287277947
331;2006.10;2629,64;2006;10;0,004300368930407306
332;2006.11;2640,68;2006;11;0,004198293302505318
333;2006.12;2657,05;2006;12;0,006199160822212502
334;2007.01;2670,07;2007;01;0,004900171242543383
335;2007.02;2681,28;2007;02;0,004198391802462176
336;2007.03;2693,08;2007;03;0,004400883160281532
337;2007.04;2700,08;2007;04;0,0025992543853134986
338;2007.05;2707,1;2007;05;0,0025999229652453604
339;2007.06;2715,49;2007;06;0,0030992575080344142
340;2007.07;2724,18;2007;07;0,003200159087310306
341;2007.08;2740,25;2007;08;0,005899022825217148
342;2007.09;2747,1;2007;09;0,002499771918620608
343;2007.10;2755,34;2007;10;0,0029995267736886433
344;2007.11;2767,19;2007;11;0,004300739654634178
345;2007.12;2794,03;2007;12;0,009699370119146122
346;2008.01;2813,31;2008;01;0,0069004269818147
347;2008.02;2826,81;2008;02;0,004798617998016619
348;2008.03;2841,23;2008;03;0,00510115642720943
349;2008.04;2859,41;2008;04;0,006398637209940716
350;2008.05;2886,86;2008;05;0,00959988249324173
351;2008.06;2913,13;2008;06;0,009099852434825362
352;2008.07;2930,03;2008;07;0,005801320229444018
353;2008.08;2936,18;2008;08;0,002098954618211968
354;2008.09;2940,58;2008;09;0,0014985457294853788
355;2008.10;2955,28;2008;10;0,004999013799998675
356;2008.11;2966,51;2008;11;0,0037999783438456003
357;2008.12;2975,11;2008;12;0,0028990294993105348
358;2009.01;2994,15;2009;01;0,006399763370093847
359;2009.02;3003,43;2009;02;0,0030993771187146635
360;2009.03;3009,44;2009;03;0,002001045471344609
361;2009.04;3025,99;2009;04;0,005499362007549413
362;2009.05;3044,15;2009;05;0,006001341709655383
363;2009.06;3056,93;2009;06;0,004198216250841602
364;2009.07;3063,96;2009;07;0,0022996928290801577
365;2009.08;3066,41;2009;08;0,0007996187939789401
366;2009.09;3071,32;2009;09;0,0016012209717553016
367;2009.10;3078,69;2009;10;0,002399619707487366
368;2009.11;3090,08;2009;11;0,0036996254900623082
369;2009.12;3097,5;2009;12;0,00240123233055467
370;2010.01;3124,76;2010;01;0,008800645682001784
371;2010.02;3146,63;2010;02;0,006998937518401416
372;2010.03;3168,97;2010;03;0,007099659000263658
373;2010.04;3192,1;2010;04;0,007298901535830238
374;2010.05;3205,83;2010;05;0,0043012436953728805
375;2010.06;3202,3;2010;06;-0,0011011188990057708
376;2010.07;3200,06;2010;07;-0,0006994972363614238
377;2010.08;3197,82;2010;08;-0,0006999868752459726
378;2010.09;3215,09;2010;09;0,005400554127499291
379;2010.10;3244,67;2010;10;0,009200364531008365
380;2010.11;3278,09;2010;11;0,01029996887202711
381;2010.12;3297,76;2010;12;0,006000445381304287
382;2011.01;3328,76;2011;01;0,009400320217359592
383;2011.02;3346,74;2011;02;0,005401410735528911
384;2011.03;3368,83;2011;03;0,006600452978122062
385;2011.04;3393,09;2011;04;0,007201313215567495
386;2011.05;3412,43;2011;05;0,005699819338714773
387;2011.06;3419,94;2011;06;0,00220077774489158
388;2011.07;3419,94;2011;07;0,0
389;2011.08;3434,3;2011;08;0,004198904074340426
390;2011.09;3449,76;2011;09;0,004501645167865442
391;2011.10;3460,8;2011;10;0,003200222624182514
392;2011.11;3480,52;2011;11;0,005698104484512134
393;2011.12;3498,27;2011;12;0,005099812671669701
394;2012.01;3516,11;2012;01;0,005099663547982303
395;2012.02;3529,82;2012;02;0,0038991954176632593
396;2012.03;3536,17;2012;03;0,0017989585871234226
397;2012.04;3558,81;2012;04;0,006402407124091791
398;2012.05;3578,38;2012;05;0,005499029169863112
399;2012.06;3587,67;2012;06;0,0025961468597521797
400;2012.07;3603,1;2012;07;0,004300841493225294
401;2012.08;3619,31;2012;08;0,004498903721795067
402;2012.09;3642,12;2012;09;0,006302306240692168
403;2012.10;3667,97;2012;10;0,007097514634333724
404;2012.11;3687,78;2012;11;0,005400807531141361
405;2012.12;3715,07;2012;12;0,007400116058984052
406;2013.01;3749,25;2013;01;0,009200364999851995
407;2013.02;3768,75;2013;02;0,005201040208041574
408;2013.03;3791,36;2013;03;0,005999336650083009
409;2013.04;3813,73;2013;04;0,005900257427413846
410;2013.05;3827,08;2013;05;0,0035005099993969946
411;2013.06;3837,8;2013;06;0,002801091171336978
412;2013.07;3832,81;2013;07;-0,0013002240867163728
413;2013.08;3838,94;2013;08;0,001599348780659593
414;2013.09;3849,31;2013;09;0,002701266495438892
415;2013.10;3872,79;2013;10;0,0060997945086262995
416;2013.11;3893,7;2013;11;0,0053992083226821475
417;2013.12;3921,74;2013;12;0,007201376582684826
418;2014.01;3946,44;2014;01;0,006298224767577798
419;2014.02;3971,7;2014;02;0,006400705445920751
420;2014.03;4004,27;2014;03;0,008200518669587264
421;2014.04;4035,5;2014;04;0,0077991743813479175
422;2014.05;4059,71;2014;05;0,0059992565976954015
423;2014.06;4070,27;2014;06;0,0026011710196047755
424;2014.07;4075,56;2014;07;0,0012996680809871375
425;2014.08;4082,9;2014;08;0,0018009794972961846
426;2014.09;4102,9;2014;09;0,00489847902226348
427;2014.10;4118,49;2014;10;0,0037997513953544892
428;2014.11;4140,32;2014;11;0,005300486343295718
429;2014.12;4165,99;2014;12;0,006200003864435644
430;2015.01;4227,64;2015;01;0,014798403260689597
431;2015.02;4276,69;2015;02;0,011602217785809499
432;2015.03;4341,26;2015;03;0,01509812495177365
433;2015.04;4372,08;2015;04;0,007099321395170888
434;2015.05;4415,37;2015;05;0,009901465663940234
435;2015.06;4449,36;2015;06;0,007698109105239048
436;2015.07;4475,17;2015;07;0,005800834277289502
437;2015.08;4486,36;2015;08;0,00250046366953649
438;2015.09;4509,24;2015;09;0,005099902816537272
439;2015.10;4543,96;2015;10;0,007699745411643644
440;2015.11;4594,4;2015;11;0,011100449827903258
441;2015.12;4635,75;2015;12;0,009000087062510875
442;2016.01;4705,75;2016;01;0,015100037750094275
443;2016.02;4750,45;2016;02;0,009499017159857681
444;2016.03;4771,36;2016;03;0,00440168826111198
445;2016.04;4801,89;2016;04;0,00639859494986772
446;2016.05;4848,95;2016;05;0,00980030779547203
447;2016.06;4871,74;2016;06;0,004699986595036121
448;2016.07;4902,92;2016;07;0,006400177349366043
449;2016.08;4918,12;2016;08;0,003100193354164338
450;2016.09;4922,05;2016;09;0,0007990858295445769
451;2016.10;4930,42;2016;10;0,0017005109659593565
452;2016.11;4933,87;2016;11;0,0006997375477140189
453;2016.12;4940,78;2016;12;0,001400523321449354
454;2017.01;4961,53;2017;01;0,004199741741182539
455;2017.02;4973,44;2017;02;0,002400469210102507
456;2017.03;4989,36;2017;03;0,0032010037318235263
457;2017.04;4993,35;2017;04;0,0007997017653567084
458;2017.05;5011,33;2017;05;0,0036007890494356154
459;2017.06;4996,3;2017;06;-0,0029992038041797286
460;2017.07;5004,79;2017;07;0,0016992574505132474
461;2017.08;5003,29;2017;08;-0,0002997128750656941
462;2017.09;5002,29;2017;09;-0,0001998684865358591
463;2017.10;5020,8;2017;10;0,003700305260190939
464;2017.11;5029,84;2017;11;0,0018005098789037888
465;2017.12;5042,92;2017;12;0,0026004803333703475
466;2018.01;5054,52;2018;01;0,002300254614390207
467;2018.02;5063,62;2018;02;0,0018003687788354927
468;2018.03;5067,16;2018;03;0,0006991045931565854
469;2018.04;5077,8;2018;04;0,002099795546223193
470;2018.05;5099,63;2018;05;0,004299105912009216
471;2018.06;5172,55;2018;06;0,014299076599674887
472;2018.07;5185,48;2018;07;0,002499734173666557
473;2018.08;5185,48;2018;08;0,0
474;2018.09;5201,04;2018;09;0,003000686532394381
475;2018.10;5221,84;2018;10;0,003999200159968019
476;2018.11;5208,79;2018;11;-0,0024991190844606548
477;2018.12;5216,08;2018;12;0,0013995572868170658
478;2019.01;5234,86;2019;01;0,003600404901765275
479;2019.02;5263,13;2019;02;0,0054003354435459006
480;2019.03;5303,66;2019;03;0,007700740813926243
481;2019.04;5335,48;2019;04;0,005999630443882076
482;2019.05;5343,48;2019;05;0,001499396492911531
483;2019.06;5344,01;2019;06;9,91862980681546e-05
484;2019.07;5349,35;2019;07;0,0009992496271526985
485;2019.08;5355,77;2019;08;0,0012001458121080333
486;2019.09;5353,09;2019;09;-0,0005003949012000186
487;2019.10;5355,23;2019;10;0,0003997691053203578
488;2019.11;5384,15;2019;11;0,005400328277216815
489;2019.12;5449,84;2019;12;0,012200625911239493
490;2020.01;5460,19;2020;01;0,0018991383233268877
491;2020.02;5469,47;2020;02;0,001699574556929484
492;2020.03;5479,32;2020;03;0,0018009057550365526
493;2020.04;5466,72;2020;04;-0,002299555419285504
494;2020.05;5453,05;2020;05;-0,0025005853601428596
495;2020.06;5469,41;2020;06;0,003000155876069277
496;2020.07;5493,48;2020;07;0,004400840310015086
497;2020.08;5513,26;2020;08;0,0036006320219605925
498;2020.09;5561,23;2020;09;0,008700841244563051
499;2020.10;5610,72;2020;10;0,008899110448588043
500;2020.11;5664,02;2020;11;0,009499672056349384
501;2020.12;5746,71;2020;12;0,01459917161309443
502;2021.01;5762,23;2021;01;0,0027006756909604412
503;2021.02;5809,48;2021;02;0,008199950366438058
504;2021.03;5859,44;2021;03;0,008599736981623085
505;2021.04;5881,71;2021;04;0,003800704504184793
506;2021.05;5938,17;2021;05;0,00959924919793731
507;2021.06;5973,8;2021;06;0,0060001650340089085
508;2021.07;6034,73;2021;07;0,010199537982523488
509;2021.08;6087,84;2021;08;0,008800725136004495
510;2021.09;6160,89;2021;09;0,011999329811558823
511;2021.10;6232,36;2021;10;0,01160059666703983
512;2021.11;6284,71;2021;11;0,008399707333979434
513;2021.12;6330,59;2021;12;0,007300257291108059
514;2022.01;6373,0;2022;01;0,0066992176084692545
515;2022.02;6436,73;2022;02;0,010000000000000009
516;2022.03;6546,8;2022;03;0,01710029782203093
517;2022.04;6614,89;2022;04;0,010400501008126062
518;2022.05;6644,66;2022;05;0,004500452766410312
519;2022.06;6685,86;2022;06;0,006200467744023053
520;2022.07;6645,74;2022;07;-0,006000723915846273
521;2022.08;6625,14;2022;08;-0,0030997300526350857
522;2022.09;6603,94;2022;09;-0,0031999323787875733
523;2022.10;6634,98;2022;10;0,004700224411487763
524;2022.11;6660,19;2022;11;0,0037995593053785637
525;2022.12;6706,15;2022;12;0,0069007040339690295
526;2023.01;6737,0;2023;01;0,00460025498982275
