;data;Salário mínimo vigente;ano;mês;variação
0;1940.07;8,7273e-14;1940;07;
1;1940.08;8,7273e-14;1940;08;0,0
2;1940.09;8,7273e-14;1940;09;0,0
3;1940.10;8,7273e-14;1940;10;0,0
4;1940.11;8,7273e-14;1940;11;0,0
5;1940.12;8,7273e-14;1940;12;0,0
6;1941.01;8,7273e-14;1941;01;0,0
7;1941.02;8,7273e-14;1941;02;0,0
8;1941.03;8,7273e-14;1941;03;0,0
9;1941.04;8,7273e-14;1941;04;0,0
10;1941.05;8,7273e-14;1941;05;0,0
11;1941.06;8,7273e-14;1941;06;0,0
12;1941.07;8,7273e-14;1941;07;0,0
13;1941.08;8,7273e-14;1941;08;0,0
14;1941.09;8,7273e-14;1941;09;0,0
15;1941.10;8,7273e-14;1941;10;0,0
16;1941.11;8,7273e-14;1941;11;0,0
17;1941.12;8,7273e-14;1941;12;0,0
18;1942.01;8,7273e-14;1942;01;0,0
19;1942.02;8,7273e-14;1942;02;0,0
20;1942.03;8,7273e-14;1942;03;0,0
21;1942.04;8,7273e-14;1942;04;0,0
22;1942.05;8,7273e-14;1942;05;0,0
23;1942.06;8,7273e-14;1942;06;0,0
24;1942.07;8,7273e-14;1942;07;0,0
25;1942.08;8,7273e-14;1942;08;0,0
26;1942.09;8,7273e-14;1942;09;0,0
27;1942.10;8,7273e-14;1942;10;0,0
28;1942.11;8,7273e-14;1942;11;0,0
29;1942.12;8,7273e-14;1942;12;0,0
30;1943.01;8,7273e-14;1943;01;0,0
31;1943.02;8,7273e-14;1943;02;0,0
32;1943.03;8,7273e-14;1943;03;0,0
33;1943.04;8,7273e-14;1943;04;0,0
34;1943.05;8,7273e-14;1943;05;0,0
35;1943.06;8,7273e-14;1943;06;0,0
36;1943.07;1,0909e-13;1943;07;0,2499856771280924
37;1943.08;1,0909e-13;1943;08;0,0
38;1943.09;1,0909e-13;1943;09;0,0
39;1943.10;1,0909e-13;1943;10;0,0
40;1943.11;1,0909e-13;1943;11;0,0
41;1943.12;1,3818e-13;1943;12;0,2666605555046291
42;1944.01;1,3818e-13;1944;01;0,0
43;1944.02;1,3818e-13;1944;02;0,0
44;1944.03;1,3818e-13;1944;03;0,0
45;1944.04;1,3818e-13;1944;04;0,0
46;1944.05;1,3818e-13;1944;05;0,0
47;1944.06;1,3818e-13;1944;06;0,0
48;1944.07;1,3818e-13;1944;07;0,0
49;1944.08;1,3818e-13;1944;08;0,0
50;1944.09;1,3818e-13;1944;09;0,0
51;1944.10;1,3818e-13;1944;10;0,0
52;1944.11;1,3818e-13;1944;11;0,0
53;1944.12;1,3818e-13;1944;12;0,0
54;1945.01;1,3818e-13;1945;01;0,0
55;1945.02;1,3818e-13;1945;02;0,0
56;1945.03;1,3818e-13;1945;03;0,0
57;1945.04;1,3818e-13;1945;04;0,0
58;1945.05;1,3818e-13;1945;05;0,0
59;1945.06;1,3818e-13;1945;06;0,0
60;1945.07;1,3818e-13;1945;07;0,0
61;1945.08;1,3818e-13;1945;08;0,0
62;1945.09;1,3818e-13;1945;09;0,0
63;1945.10;1,3818e-13;1945;10;0,0
64;1945.11;1,3818e-13;1945;11;0,0
65;1945.12;1,3818e-13;1945;12;0,0
66;1946.01;1,3818e-13;1946;01;0,0
67;1946.02;1,3818e-13;1946;02;0,0
68;1946.03;1,3818e-13;1946;03;0,0
69;1946.04;1,3818e-13;1946;04;0,0
70;1946.05;1,3818e-13;1946;05;0,0
71;1946.06;1,3818e-13;1946;06;0,0
72;1946.07;1,3818e-13;1946;07;0,0
73;1946.08;1,3818e-13;1946;08;0,0
74;1946.09;1,3818e-13;1946;09;0,0
75;1946.10;1,3818e-13;1946;10;0,0
76;1946.11;1,3818e-13;1946;11;0,0
77;1946.12;1,3818e-13;1946;12;0,0
78;1947.01;1,3818e-13;1947;01;0,0
79;1947.02;1,3818e-13;1947;02;0,0
80;1947.03;1,3818e-13;1947;03;0,0
81;1947.04;1,3818e-13;1947;04;0,0
82;1947.05;1,3818e-13;1947;05;0,0
83;1947.06;1,3818e-13;1947;06;0,0
84;1947.07;1,3818e-13;1947;07;0,0
85;1947.08;1,3818e-13;1947;08;0,0
86;1947.09;1,3818e-13;1947;09;0,0
87;1947.10;1,3818e-13;1947;10;0,0
88;1947.11;1,3818e-13;1947;11;0,0
89;1947.12;1,3818e-13;1947;12;0,0
90;1948.01;1,3818e-13;1948;01;0,0
91;1948.02;1,3818e-13;1948;02;0,0
92;1948.03;1,3818e-13;1948;03;0,0
93;1948.04;1,3818e-13;1948;04;0,0
94;1948.05;1,3818e-13;1948;05;0,0
95;1948.06;1,3818e-13;1948;06;0,0
96;1948.07;1,3818e-13;1948;07;0,0
97;1948.08;1,3818e-13;1948;08;0,0
98;1948.09;1,3818e-13;1948;09;0,0
99;1948.10;1,3818e-13;1948;10;0,0
100;1948.11;1,3818e-13;1948;11;0,0
101;1948.12;1,3818e-13;1948;12;0,0
102;1949.01;1,3818e-13;1949;01;0,0
103;1949.02;1,3818e-13;1949;02;0,0
104;1949.03;1,3818e-13;1949;03;0,0
105;1949.04;1,3818e-13;1949;04;0,0
106;1949.05;1,3818e-13;1949;05;0,0
107;1949.06;1,3818e-13;1949;06;0,0
108;1949.07;1,3818e-13;1949;07;0,0
109;1949.08;1,3818e-13;1949;08;0,0
110;1949.09;1,3818e-13;1949;09;0,0
111;1949.10;1,3818e-13;1949;10;0,0
112;1949.11;1,3818e-13;1949;11;0,0
113;1949.12;1,3818e-13;1949;12;0,0
114;1950.01;1,3818e-13;1950;01;0,0
115;1950.02;1,3818e-13;1950;02;0,0
116;1950.03;1,3818e-13;1950;03;0,0
117;1950.04;1,3818e-13;1950;04;0,0
118;1950.05;1,3818e-13;1950;05;0,0
119;1950.06;1,3818e-13;1950;06;0,0
120;1950.07;1,3818e-13;1950;07;0,0
121;1950.08;1,3818e-13;1950;08;0,0
122;1950.09;1,3818e-13;1950;09;0,0
123;1950.10;1,3818e-13;1950;10;0,0
124;1950.11;1,3818e-13;1950;11;0,0
125;1950.12;1,3818e-13;1950;12;0,0
126;1951.01;1,3818e-13;1951;01;0,0
127;1951.02;1,3818e-13;1951;02;0,0
128;1951.03;1,3818e-13;1951;03;0,0
129;1951.04;1,3818e-13;1951;04;0,0
130;1951.05;1,3818e-13;1951;05;0,0
131;1951.06;1,3818e-13;1951;06;0,0
132;1951.07;1,3818e-13;1951;07;0,0
133;1951.08;1,3818e-13;1951;08;0,0
134;1951.09;1,3818e-13;1951;09;0,0
135;1951.10;1,3818e-13;1951;10;0,0
136;1951.11;1,3818e-13;1951;11;0,0
137;1951.12;1,3818e-13;1951;12;0,0
138;1952.01;4,3636e-13;1952;01;2,1579099724996382
139;1952.02;4,3636e-13;1952;02;0,0
140;1952.03;4,3636e-13;1952;03;0,0
141;1952.04;4,3636e-13;1952;04;0,0
142;1952.05;4,3636e-13;1952;05;0,0
143;1952.06;4,3636e-13;1952;06;0,0
144;1952.07;4,3636e-13;1952;07;0,0
145;1952.08;4,3636e-13;1952;08;0,0
146;1952.09;4,3636e-13;1952;09;0,0
147;1952.10;4,3636e-13;1952;10;0,0
148;1952.11;4,3636e-13;1952;11;0,0
149;1952.12;4,3636e-13;1952;12;0,0
150;1953.01;4,3636e-13;1953;01;0,0
151;1953.02;4,3636e-13;1953;02;0,0
152;1953.03;4,3636e-13;1953;03;0,0
153;1953.04;4,3636e-13;1953;04;0,0
154;1953.05;4,3636e-13;1953;05;0,0
155;1953.06;4,3636e-13;1953;06;0,0
156;1953.07;4,3636e-13;1953;07;0,0
157;1953.08;4,3636e-13;1953;08;0,0
158;1953.09;4,3636e-13;1953;09;0,0
159;1953.10;4,3636e-13;1953;10;0,0
160;1953.11;4,3636e-13;1953;11;0,0
161;1953.12;4,3636e-13;1953;12;0,0
162;1954.01;4,3636e-13;1954;01;0,0
163;1954.02;4,3636e-13;1954;02;0,0
164;1954.03;4,3636e-13;1954;03;0,0
165;1954.04;4,3636e-13;1954;04;0,0
166;1954.05;4,3636e-13;1954;05;0,0
167;1954.06;4,3636e-13;1954;06;0,0
168;1954.07;8,7273e-13;1954;07;1,0000229168576404
169;1954.08;8,7273e-13;1954;08;0,0
170;1954.09;8,7273e-13;1954;09;0,0
171;1954.10;8,7273e-13;1954;10;0,0
172;1954.11;8,7273e-13;1954;11;0,0
173;1954.12;8,7273e-13;1954;12;0,0
174;1955.01;8,7273e-13;1955;01;0,0
175;1955.02;8,7273e-13;1955;02;0,0
176;1955.03;8,7273e-13;1955;03;0,0
177;1955.04;8,7273e-13;1955;04;0,0
178;1955.05;8,7273e-13;1955;05;0,0
179;1955.06;8,7273e-13;1955;06;0,0
180;1955.07;8,7273e-13;1955;07;0,0
181;1955.08;8,7273e-13;1955;08;0,0
182;1955.09;8,7273e-13;1955;09;0,0
183;1955.10;8,7273e-13;1955;10;0,0
184;1955.11;8,7273e-13;1955;11;0,0
185;1955.12;8,7273e-13;1955;12;0,0
186;1956.01;8,7273e-13;1956;01;0,0
187;1956.02;8,7273e-13;1956;02;0,0
188;1956.03;8,7273e-13;1956;03;0,0
189;1956.04;8,7273e-13;1956;04;0,0
190;1956.05;8,7273e-13;1956;05;0,0
191;1956.06;8,7273e-13;1956;06;0,0
192;1956.07;8,7273e-13;1956;07;0,0
193;1956.08;1,3818e-12;1956;08;0,5833075521638995
194;1956.09;1,3818e-12;1956;09;0,0
195;1956.10;1,3818e-12;1956;10;0,0
196;1956.11;1,3818e-12;1956;11;0,0
197;1956.12;1,3818e-12;1956;12;0,0
198;1957.01;1,3818e-12;1957;01;0,0
199;1957.02;1,3818e-12;1957;02;0,0
200;1957.03;1,3818e-12;1957;03;0,0
201;1957.04;1,3818e-12;1957;04;0,0
202;1957.05;1,3818e-12;1957;05;0,0
203;1957.06;1,3818e-12;1957;06;0,0
204;1957.07;1,3818e-12;1957;07;0,0
205;1957.08;1,3818e-12;1957;08;0,0
206;1957.09;1,3818e-12;1957;09;0,0
207;1957.10;1,3818e-12;1957;10;0,0
208;1957.11;1,3818e-12;1957;11;0,0
209;1957.12;1,3818e-12;1957;12;0,0
210;1958.01;1,3818e-12;1958;01;0,0
211;1958.02;1,3818e-12;1958;02;0,0
212;1958.03;1,3818e-12;1958;03;0,0
213;1958.04;1,3818e-12;1958;04;0,0
214;1958.05;1,3818e-12;1958;05;0,0
215;1958.06;1,3818e-12;1958;06;0,0
216;1958.07;1,3818e-12;1958;07;0,0
217;1958.08;1,3818e-12;1958;08;0,0
218;1958.09;1,3818e-12;1958;09;0,0
219;1958.10;1,3818e-12;1958;10;0,0
220;1958.11;1,3818e-12;1958;11;0,0
221;1958.12;1,3818e-12;1958;12;0,0
222;1959.01;2,1818e-12;1959;01;0,5789549862498189
223;1959.02;2,1818e-12;1959;02;0,0
224;1959.03;2,1818e-12;1959;03;0,0
225;1959.04;2,1818e-12;1959;04;0,0
226;1959.05;2,1818e-12;1959;05;0,0
227;1959.06;2,1818e-12;1959;06;0,0
228;1959.07;2,1818e-12;1959;07;0,0
229;1959.08;2,1818e-12;1959;08;0,0
230;1959.09;2,1818e-12;1959;09;0,0
231;1959.10;2,1818e-12;1959;10;0,0
232;1959.11;2,1818e-12;1959;11;0,0
233;1959.12;2,1818e-12;1959;12;0,0
234;1960.01;2,1818e-12;1960;01;0,0
235;1960.02;2,1818e-12;1960;02;0,0
236;1960.03;2,1818e-12;1960;03;0,0
237;1960.04;2,1818e-12;1960;04;0,0
238;1960.05;2,1818e-12;1960;05;0,0
239;1960.06;2,1818e-12;1960;06;0,0
240;1960.07;2,1818e-12;1960;07;0,0
241;1960.08;2,1818e-12;1960;08;0,0
242;1960.09;2,1818e-12;1960;09;0,0
243;1960.10;3,4909e-12;1960;10;0,6000091667430563
244;1960.11;3,4909e-12;1960;11;0,0
245;1960.12;3,4909e-12;1960;12;0,0
246;1961.01;3,4909e-12;1961;01;0,0
247;1961.02;3,4909e-12;1961;02;0,0
248;1961.03;3,4909e-12;1961;03;0,0
249;1961.04;3,4909e-12;1961;04;0,0
250;1961.05;3,4909e-12;1961;05;0,0
251;1961.06;3,4909e-12;1961;06;0,0
252;1961.07;3,4909e-12;1961;07;0,0
253;1961.08;3,4909e-12;1961;08;0,0
254;1961.09;3,4909e-12;1961;09;0,0
255;1961.10;4,8873e-12;1961;10;0,40001145836317287
256;1961.11;4,8873e-12;1961;11;0,0
257;1961.12;4,8873e-12;1961;12;0,0
258;1962.01;4,8873e-12;1962;01;0,0
259;1962.02;4,8873e-12;1962;02;0,0
260;1962.03;4,8873e-12;1962;03;0,0
261;1962.04;4,8873e-12;1962;04;0,0
262;1962.05;4,8873e-12;1962;05;0,0
263;1962.06;4,8873e-12;1962;06;0,0
264;1962.07;4,8873e-12;1962;07;0,0
265;1962.08;4,8873e-12;1962;08;0,0
266;1962.09;4,8873e-12;1962;09;0,0
267;1962.10;4,8873e-12;1962;10;0,0
268;1962.11;4,8873e-12;1962;11;0,0
269;1962.12;4,8873e-12;1962;12;0,0
270;1963.01;7,6364e-12;1963;01;0,562498721175291
271;1963.02;7,6364e-12;1963;02;0,0
272;1963.03;7,6364e-12;1963;03;0,0
273;1963.04;7,6364e-12;1963;04;0,0
274;1963.05;7,6364e-12;1963;05;0,0
275;1963.06;7,6364e-12;1963;06;0,0
276;1963.07;7,6364e-12;1963;07;0,0
277;1963.08;7,6364e-12;1963;08;0,0
278;1963.09;7,6364e-12;1963;09;0,0
279;1963.10;7,6364e-12;1963;10;0,0
280;1963.11;7,6364e-12;1963;11;0,0
281;1963.12;7,6364e-12;1963;12;0,0
282;1964.01;7,6364e-12;1964;01;0,0
283;1964.02;1,5273e-11;1964;02;1,0000261903514742
284;1964.03;1,5273e-11;1964;03;0,0
285;1964.04;1,5273e-11;1964;04;0,0
286;1964.05;1,5273e-11;1964;05;0,0
287;1964.06;1,5273e-11;1964;06;0,0
288;1964.07;1,5273e-11;1964;07;0,0
289;1964.08;1,5273e-11;1964;08;0,0
290;1964.09;1,5273e-11;1964;09;0,0
291;1964.10;1,5273e-11;1964;10;0,0
292;1964.11;1,5273e-11;1964;11;0,0
293;1964.12;1,5273e-11;1964;12;0,0
294;1965.01;1,5273e-11;1965;01;0,0
295;1965.02;1,5273e-11;1965;02;0,0
296;1965.03;2,4e-11;1965;03;0,5714005107051661
297;1965.04;2,4e-11;1965;04;0,0
298;1965.05;2,4e-11;1965;05;0,0
299;1965.06;2,4e-11;1965;06;0,0
300;1965.07;2,4e-11;1965;07;0,0
301;1965.08;2,4e-11;1965;08;0,0
302;1965.09;2,4e-11;1965;09;0,0
303;1965.10;2,4e-11;1965;10;0,0
304;1965.11;2,4e-11;1965;11;0,0
305;1965.12;2,4e-11;1965;12;0,0
306;1966.01;2,4e-11;1966;01;0,0
307;1966.02;2,4e-11;1966;02;0,0
308;1966.03;3,0545e-11;1966;03;0,27270833333333333
309;1966.04;3,0545e-11;1966;04;0,0
310;1966.05;3,0545e-11;1966;05;0,0
311;1966.06;3,0545e-11;1966;06;0,0
312;1966.07;3,0545e-11;1966;07;0,0
313;1966.08;3,0545e-11;1966;08;0,0
314;1966.09;3,0545e-11;1966;09;0,0
315;1966.10;3,0545e-11;1966;10;0,0
316;1966.11;3,0545e-11;1966;11;0,0
317;1966.12;3,0545e-11;1966;12;0,0
318;1967.01;3,0545e-11;1967;01;0,0
319;1967.02;3,0545e-11;1967;02;0,0
320;1967.03;3,8182e-11;1967;03;0,25002455393681444
321;1967.04;3,8182e-11;1967;04;0,0
322;1967.05;3,8182e-11;1967;05;0,0
323;1967.06;3,8182e-11;1967;06;0,0
324;1967.07;3,8182e-11;1967;07;0,0
325;1967.08;3,8182e-11;1967;08;0,0
326;1967.09;3,8182e-11;1967;09;0,0
327;1967.10;3,8182e-11;1967;10;0,0
328;1967.11;3,8182e-11;1967;11;0,0
329;1967.12;3,8182e-11;1967;12;0,0
330;1968.01;3,8182e-11;1968;01;0,0
331;1968.02;3,8182e-11;1968;02;0,0
332;1968.03;4,7127e-11;1968;03;0,23427269393955275
333;1968.04;4,7127e-11;1968;04;0,0
334;1968.05;4,7127e-11;1968;05;0,0
335;1968.06;4,7127e-11;1968;06;0,0
336;1968.07;4,7127e-11;1968;07;0,0
337;1968.08;4,7127e-11;1968;08;0,0
338;1968.09;4,7127e-11;1968;09;0,0
339;1968.10;4,7127e-11;1968;10;0,0
340;1968.11;4,7127e-11;1968;11;0,0
341;1968.12;4,7127e-11;1968;12;0,0
342;1969.01;4,7127e-11;1969;01;0,0
343;1969.02;4,7127e-11;1969;02;0,0
344;1969.03;4,7127e-11;1969;03;0,0
345;1969.04;4,7127e-11;1969;04;0,0
346;1969.05;5,6727e-11;1969;05;0,20370488255140362
347;1969.06;5,6727e-11;1969;06;0,0
348;1969.07;5,6727e-11;1969;07;0,0
349;1969.08;5,6727e-11;1969;08;0,0
350;1969.09;5,6727e-11;1969;09;0,0
351;1969.10;5,6727e-11;1969;10;0,0
352;1969.11;5,6727e-11;1969;11;0,0
353;1969.12;5,6727e-11;1969;12;0,0
354;1970.01;5,6727e-11;1970;01;0,0
355;1970.02;5,6727e-11;1970;02;0,0
356;1970.03;5,6727e-11;1970;03;0,0
357;1970.04;5,6727e-11;1970;04;0,0
358;1970.05;6,8073e-11;1970;05;0,20001057697392777
359;1970.06;6,8073e-11;1970;06;0,0
360;1970.07;6,8073e-11;1970;07;0,0
361;1970.08;6,8073e-11;1970;08;0,0
362;1970.09;6,8073e-11;1970;09;0,0
363;1970.10;6,8073e-11;1970;10;0,0
364;1970.11;6,8073e-11;1970;11;0,0
365;1970.12;6,8073e-11;1970;12;0,0
366;1971.01;6,8073e-11;1971;01;0,0
367;1971.02;6,8073e-11;1971;02;0,0
368;1971.03;6,8073e-11;1971;03;0,0
369;1971.04;6,8073e-11;1971;04;0,0
370;1971.05;8,2036e-11;1971;05;0,20511803505060744
371;1971.06;8,2036e-11;1971;06;0,0
372;1971.07;8,2036e-11;1971;07;0,0
373;1971.08;8,2036e-11;1971;08;0,0
374;1971.09;8,2036e-11;1971;09;0,0
375;1971.10;8,2036e-11;1971;10;0,0
376;1971.11;8,2036e-11;1971;11;0,0
377;1971.12;8,2036e-11;1971;12;0,0
378;1972.01;8,2036e-11;1972;01;0,0
379;1972.02;8,2036e-11;1972;02;0,0
380;1972.03;8,2036e-11;1972;03;0,0
381;1972.04;8,2036e-11;1972;04;0,0
382;1972.05;9,7745e-11;1972;05;0,1914891023453118
383;1972.06;9,7745e-11;1972;06;0,0
384;1972.07;9,7745e-11;1972;07;0,0
385;1972.08;9,7745e-11;1972;08;0,0
386;1972.09;9,7745e-11;1972;09;0,0
387;1972.10;9,7745e-11;1972;10;0,0
388;1972.11;9,7745e-11;1972;11;0,0
389;1972.12;9,7745e-11;1972;12;0,0
390;1973.01;9,7745e-11;1973;01;0,0
391;1973.02;9,7745e-11;1973;02;0,0
392;1973.03;9,7745e-11;1973;03;0,0
393;1973.04;9,7745e-11;1973;04;0,0
394;1973.05;1,1345e-10;1973;05;0,1606731802138217
395;1973.06;1,1345e-10;1973;06;0,0
396;1973.07;1,1345e-10;1973;07;0,0
397;1973.08;1,1345e-10;1973;08;0,0
398;1973.09;1,1345e-10;1973;09;0,0
399;1973.10;1,1345e-10;1973;10;0,0
400;1973.11;1,1345e-10;1973;11;0,0
401;1973.12;1,1345e-10;1973;12;0,0
402;1974.01;1,1345e-10;1974;01;0,0
403;1974.02;1,1345e-10;1974;02;0,0
404;1974.03;1,1345e-10;1974;03;0,0
405;1974.04;1,1345e-10;1974;04;0,0
406;1974.05;1,3702e-10;1974;05;0,2077567210224769
407;1974.06;1,3702e-10;1974;06;0,0
408;1974.07;1,3702e-10;1974;07;0,0
409;1974.08;1,3702e-10;1974;08;0,0
410;1974.09;1,3702e-10;1974;09;0,0
411;1974.10;1,3702e-10;1974;10;0,0
412;1974.11;1,3702e-10;1974;11;0,0
413;1974.12;1,5098e-10;1974;12;0,10188293679754779
414;1975.01;1,5098e-10;1975;01;0,0
415;1975.02;1,5098e-10;1975;02;0,0
416;1975.03;1,5098e-10;1975;03;0,0
417;1975.04;1,5098e-10;1975;04;0,0
418;1975.05;1,9375e-10;1975;05;0,2832825539806596
419;1975.06;1,9375e-10;1975;06;0,0
420;1975.07;1,9375e-10;1975;07;0,0
421;1975.08;1,9375e-10;1975;08;0,0
422;1975.09;1,9375e-10;1975;09;0,0
423;1975.10;1,9375e-10;1975;10;0,0
424;1975.11;1,9375e-10;1975;11;0,0
425;1975.12;1,9375e-10;1975;12;0,0
426;1976.01;1,9375e-10;1976;01;0,0
427;1976.02;1,9375e-10;1976;02;0,0
428;1976.03;1,9375e-10;1976;03;0,0
429;1976.04;1,9375e-10;1976;04;0,0
430;1976.05;2,7927e-10;1976;05;0,44139354838709677
431;1976.06;2,7927e-10;1976;06;0,0
432;1976.07;2,7927e-10;1976;07;0,0
433;1976.08;2,7927e-10;1976;08;0,0
434;1976.09;2,7927e-10;1976;09;0,0
435;1976.10;2,7927e-10;1976;10;0,0
436;1976.11;2,7927e-10;1976;11;0,0
437;1976.12;2,7927e-10;1976;12;0,0
438;1977.01;2,7927e-10;1977;01;0,0
439;1977.02;2,7927e-10;1977;02;0,0
440;1977.03;2,7927e-10;1977;03;0,0
441;1977.04;2,7927e-10;1977;04;0,0
442;1977.05;4,0233e-10;1977;05;0,440648834461274
443;1977.06;4,0233e-10;1977;06;0,0
444;1977.07;4,0233e-10;1977;07;0,0
445;1977.08;4,0233e-10;1977;08;0,0
446;1977.09;4,0233e-10;1977;09;0,0
447;1977.10;4,0233e-10;1977;10;0,0
448;1977.11;4,0233e-10;1977;11;0,0
449;1977.12;4,0233e-10;1977;12;0,0
450;1978.01;4,0233e-10;1978;01;0,0
451;1978.02;4,0233e-10;1978;02;0,0
452;1978.03;4,0233e-10;1978;03;0,0
453;1978.04;4,0233e-10;1978;04;0,0
454;1978.05;5,6727e-10;1978;05;0,40996197151591995
455;1978.06;5,6727e-10;1978;06;0,0
456;1978.07;5,6727e-10;1978;07;0,0
457;1978.08;5,6727e-10;1978;08;0,0
458;1978.09;5,6727e-10;1978;09;0,0
459;1978.10;5,6727e-10;1978;10;0,0
460;1978.11;5,6727e-10;1978;11;0,0
461;1978.12;5,6727e-10;1978;12;0,0
462;1979.01;5,6727e-10;1979;01;0,0
463;1979.02;5,6727e-10;1979;02;0,0
464;1979.03;5,6727e-10;1979;03;0,0
465;1979.04;5,6727e-10;1979;04;0,0
466;1979.05;8,2473e-10;1979;05;0,45385795124015016
467;1979.06;8,2473e-10;1979;06;0,0
468;1979.07;8,2473e-10;1979;07;0,0
469;1979.08;8,2473e-10;1979;08;0,0
470;1979.09;8,2473e-10;1979;09;0,0
471;1979.10;8,2473e-10;1979;10;0,0
472;1979.11;1,0665e-09;1979;11;0,29315048561347345
473;1979.12;1,0665e-09;1979;12;0,0
474;1980.01;1,0665e-09;1980;01;0,0
475;1980.02;1,0665e-09;1980;02;0,0
476;1980.03;1,0665e-09;1980;03;0,0
477;1980.04;1,0665e-09;1980;04;0,0
478;1980.05;1,5089e-09;1980;05;0,41481481481481497
479;1980.06;1,5089e-09;1980;06;0,0
480;1980.07;1,5089e-09;1980;07;0,0
481;1980.08;1,5089e-09;1980;08;0,0
482;1980.09;1,5089e-09;1980;09;0,0
483;1980.10;1,5089e-09;1980;10;0,0
484;1980.11;2,105e-09;1980;11;0,3950560010603752
485;1980.12;2,105e-09;1980;12;0,0
486;1981.01;2,105e-09;1981;01;0,0
487;1981.02;2,105e-09;1981;02;0,0
488;1981.03;2,105e-09;1981;03;0,0
489;1981.04;2,105e-09;1981;04;0,0
490;1981.05;3,0781e-09;1981;05;0,46228028503562935
491;1981.06;3,0781e-09;1981;06;0,0
492;1981.07;3,0781e-09;1981;07;0,0
493;1981.08;3,0781e-09;1981;08;0,0
494;1981.09;3,0781e-09;1981;09;0,0
495;1981.10;3,0781e-09;1981;10;0,0
496;1981.11;4,3375e-09;1981;11;0,40914850069848274
497;1981.12;4,3375e-09;1981;12;0,0
498;1982.01;4,3375e-09;1982;01;0,0
499;1982.02;4,3375e-09;1982;02;0,0
500;1982.03;4,3375e-09;1982;03;0,0
501;1982.04;4,3375e-09;1982;04;0,0
502;1982.05;6,0393e-09;1982;05;0,3923458213256483
503;1982.06;6,0393e-09;1982;06;0,0
504;1982.07;6,0393e-09;1982;07;0,0
505;1982.08;6,0393e-09;1982;08;0,0
506;1982.09;6,0393e-09;1982;09;0,0
507;1982.10;6,0393e-09;1982;10;0,0
508;1982.11;8,5702e-09;1982;11;0,41907174672561376
509;1982.12;8,5702e-09;1982;12;0,0
510;1983.01;8,5702e-09;1983;01;0,0
511;1983.02;8,5702e-09;1983;02;0,0
512;1983.03;8,5702e-09;1983;03;0,0
513;1983.04;8,5702e-09;1983;04;0,0
514;1983.05;1,2646e-08;1983;05;0,47557816620382254
515;1983.06;1,2646e-08;1983;06;0,0
516;1983.07;1,2646e-08;1983;07;0,0
517;1983.08;1,2646e-08;1983;08;0,0
518;1983.09;1,2646e-08;1983;09;0,0
519;1983.10;1,2646e-08;1983;10;0,0
520;1983.11;2,0771e-08;1983;11;0,6424956507986717
521;1983.12;2,0771e-08;1983;12;0,0
522;1984.01;2,0771e-08;1984;01;0,0
523;1984.02;2,0771e-08;1984;02;0,0
524;1984.03;2,0771e-08;1984;03;0,0
525;1984.04;2,0771e-08;1984;04;0,0
526;1984.05;3,5337e-08;1984;05;0,7012661884357998
527;1984.06;3,5337e-08;1984;06;0,0
528;1984.07;3,5337e-08;1984;07;0,0
529;1984.08;3,5337e-08;1984;08;0,0
530;1984.09;3,5337e-08;1984;09;0,0
531;1984.10;3,5337e-08;1984;10;0,0
532;1984.11;6,0567e-08;1984;11;0,7139825112488327
533;1984.12;6,0567e-08;1984;12;0,0
534;1985.01;6,0567e-08;1985;01;0,0
535;1985.02;6,0567e-08;1985;02;0,0
536;1985.03;6,0567e-08;1985;03;0,0
537;1985.04;6,0567e-08;1985;04;0,0
538;1985.05;1,2113e-07;1985;05;0,9999339574355672
539;1985.06;1,2113e-07;1985;06;0,0
540;1985.07;1,2113e-07;1985;07;0,0
541;1985.08;1,2113e-07;1985;08;0,0
542;1985.09;1,2113e-07;1985;09;0,0
543;1985.10;1,2113e-07;1985;10;0,0
544;1985.11;2,1818e-07;1985;11;0,8012053166019979
545;1985.12;2,1818e-07;1985;12;0,0
546;1986.01;2,1818e-07;1986;01;0,0
547;1986.02;2,1818e-07;1986;02;0,0
548;1986.03;2,9236e-07;1986;03;0,3399944999541662
549;1986.04;2,9236e-07;1986;04;0,0
550;1986.05;2,9236e-07;1986;05;0,0
551;1986.06;2,9236e-07;1986;06;0,0
552;1986.07;2,9236e-07;1986;07;0,0
553;1986.08;2,9236e-07;1986;08;0,0
554;1986.09;2,9236e-07;1986;09;0,0
555;1986.10;2,9236e-07;1986;10;0,0
556;1986.11;2,9236e-07;1986;11;0,0
557;1986.12;2,9236e-07;1986;12;0,0
558;1987.01;3,5084e-07;1987;01;0,20002736352442185
559;1987.02;3,5084e-07;1987;02;0,0
560;1987.03;4,9745e-07;1987;03;0,4178827955763311
561;1987.04;4,9745e-07;1987;04;0,0
562;1987.05;5,9695e-07;1987;05;0,2000201025228665
563;1987.06;7,1633e-07;1987;06;0,19998324817823954
564;1987.07;7,1633e-07;1987;07;0,0
565;1987.08;7,1636e-07;1987;08;4,188013904204979e-05
566;1987.09;8,7273e-07;1987;09;0,2182841029649898
567;1987.10;9,6e-07;1987;10;0,09999656251074196
568;1987.11;1,0909e-06;1987;11;0,13635416666666678
569;1987.12;1,3091e-06;1987;12;0,20001833348611253
570;1988.01;1,6364e-06;1988;01;0,25001909708960346
571;1988.02;1,92e-06;1988;02;0,17330725983867024
572;1988.03;2,2691e-06;1988;03;0,18182291666666672
573;1988.04;2,64e-06;1988;04;0,16345687717597301
574;1988.05;3,168e-06;1988;05;0,19999999999999996
575;1988.06;3,7702e-06;1988;06;0,19008838383838378
576;1988.07;4,5251e-06;1988;07;0,2002281046098351
577;1988.08;5,6553e-06;1988;08;0,24976243618925542
578;1988.09;6,8945e-06;1988;09;0,21912188566477453
579;1988.10;8,6182e-06;1988;10;0,2500108782362753
580;1988.11;1,12e-05;1988;11;0,2995753173516511
581;1988.12;1,47e-05;1988;12;0,3125
582;1989.01;1,9772e-05;1989;01;0,34503401360544217
583;1989.02;2,3236e-05;1989;02;0,17519724863443242
584;1989.03;2,3236e-05;1989;03;0,0
585;1989.04;2,3236e-05;1989;04;0,0
586;1989.05;2,96e-05;1989;05;0,2738853503184715
587;1989.06;4,3636e-05;1989;06;0,4741891891891892
588;1989.07;5,4473e-05;1989;07;0,24834998624988547
589;1989.08;7,0138e-05;1989;08;0,28757366034549237
590;1989.09;9,072e-05;1989;09;0,2934500556046651
591;1989.10;0,00013881;1989;10;0,5300925925925928
592;1989.11;0,00020267;1989;11;0,4600533102802391
593;1989.12;0,00028661;1989;12;0,4141708195588889
594;1990.01;0,00046689;1990;01;0,6290080597327379
595;1990.02;0,00072886;1990;02;0,5610957613142282
596;1990.03;0,001336;1990;03;0,8329994786378727
597;1990.04;0,001336;1990;04;0,0
598;1990.05;0,001336;1990;05;0,0
599;1990.06;0,0014028;1990;06;0,050000000000000044
600;1990.07;0,0017835;1990;07;0,27138579982891353
601;1990.08;0,0018922;1990;08;0,060947574992991305
602;1990.09;0,0022023;1990;09;0,16388331043230098
603;1990.10;0,0023364;1990;10;0,060890886800163635
604;1990.11;0,0030289;1990;11;0,2963961650402327
605;1990.12;0,0032134;1990;12;0,060913202812902245
606;1991.01;0,004482;1991;01;0,3947843405738469
607;1991.02;0,01;1991;02;1,2311468094600624
608;1991.03;0,01;1991;03;0,0
609;1991.04;0,01;1991;04;0,0
610;1991.05;0,01;1991;05;0,0
611;1991.06;0,01;1991;06;0,0
612;1991.07;0,01;1991;07;0,0
613;1991.08;0,01;1991;08;0,0
614;1991.09;0,02;1991;09;1,0
615;1991.10;0,02;1991;10;0,0
616;1991.11;0,02;1991;11;0,0
617;1991.12;0,02;1991;12;0,0
618;1992.01;0,03;1992;01;0,5
619;1992.02;0,03;1992;02;0,0
620;1992.03;0,03;1992;03;0,0
621;1992.04;0,03;1992;04;0,0
622;1992.05;0,08;1992;05;1,666666666666667
623;1992.06;0,08;1992;06;0,0
624;1992.07;0,08;1992;07;0,0
625;1992.08;0,08;1992;08;0,0
626;1992.09;0,19;1992;09;1,375
627;1992.10;0,19;1992;10;0,0
628;1992.11;0,19;1992;11;0,0
629;1992.12;0,19;1992;12;0,0
630;1993.01;0,45;1993;01;1,3684210526315788
631;1993.02;0,45;1993;02;0,0
632;1993.03;0,62;1993;03;0,37777777777777777
633;1993.04;0,62;1993;04;0,0
634;1993.05;1,2;1993;05;0,9354838709677418
635;1993.06;1,2;1993;06;0,0
636;1993.07;1,69;1993;07;0,40833333333333344
637;1993.08;2,01;1993;08;0,18934911242603536
638;1993.09;3,49;1993;09;0,7363184079601992
639;1993.10;4,37;1993;10;0,2521489971346704
640;1993.11;5,46;1993;11;0,24942791762013727
641;1993.12;6,82;1993;12;0,2490842490842491
642;1994.01;11,96;1994;01;0,7536656891495601
643;1994.02;15,57;1994;02;0,301839464882943
644;1994.03;18,29;1994;03;0,1746949261400128
645;1994.04;26,01;1994;04;0,42208857299070535
646;1994.05;37,41;1994;05;0,438292964244521
647;1994.06;53,68;1994;06;0,43491045175086884
648;1994.07;64,79;1994;07;0,2069672131147542
649;1994.08;64,79;1994;08;0,0
650;1994.09;70,0;1994;09;0,08041364408087648
651;1994.10;70,0;1994;10;0,0
652;1994.11;70,0;1994;11;0,0
653;1994.12;70,0;1994;12;0,0
654;1995.01;70,0;1995;01;0,0
655;1995.02;70,0;1995;02;0,0
656;1995.03;70,0;1995;03;0,0
657;1995.04;70,0;1995;04;0,0
658;1995.05;100,0;1995;05;0,4285714285714286
659;1995.06;100,0;1995;06;0,0
660;1995.07;100,0;1995;07;0,0
661;1995.08;100,0;1995;08;0,0
662;1995.09;100,0;1995;09;0,0
663;1995.10;100,0;1995;10;0,0
664;1995.11;100,0;1995;11;0,0
665;1995.12;100,0;1995;12;0,0
666;1996.01;100,0;1996;01;0,0
667;1996.02;100,0;1996;02;0,0
668;1996.03;100,0;1996;03;0,0
669;1996.04;100,0;1996;04;0,0
670;1996.05;112,0;1996;05;0,1200000000000001
671;1996.06;112,0;1996;06;0,0
672;1996.07;112,0;1996;07;0,0
673;1996.08;112,0;1996;08;0,0
674;1996.09;112,0;1996;09;0,0
675;1996.10;112,0;1996;10;0,0
676;1996.11;112,0;1996;11;0,0
677;1996.12;112,0;1996;12;0,0
678;1997.01;112,0;1997;01;0,0
679;1997.02;112,0;1997;02;0,0
680;1997.03;112,0;1997;03;0,0
681;1997.04;112,0;1997;04;0,0
682;1997.05;120,0;1997;05;0,0714285714285714
683;1997.06;120,0;1997;06;0,0
684;1997.07;120,0;1997;07;0,0
685;1997.08;120,0;1997;08;0,0
686;1997.09;120,0;1997;09;0,0
687;1997.10;120,0;1997;10;0,0
688;1997.11;120,0;1997;11;0,0
689;1997.12;120,0;1997;12;0,0
690;1998.01;120,0;1998;01;0,0
691;1998.02;120,0;1998;02;0,0
692;1998.03;120,0;1998;03;0,0
693;1998.04;120,0;1998;04;0,0
694;1998.05;130,0;1998;05;0,08333333333333326
695;1998.06;130,0;1998;06;0,0
696;1998.07;130,0;1998;07;0,0
697;1998.08;130,0;1998;08;0,0
698;1998.09;130,0;1998;09;0,0
699;1998.10;130,0;1998;10;0,0
700;1998.11;130,0;1998;11;0,0
701;1998.12;130,0;1998;12;0,0
702;1999.01;130,0;1999;01;0,0
703;1999.02;130,0;1999;02;0,0
704;1999.03;130,0;1999;03;0,0
705;1999.04;130,0;1999;04;0,0
706;1999.05;136,0;1999;05;0,04615384615384621
707;1999.06;136,0;1999;06;0,0
708;1999.07;136,0;1999;07;0,0
709;1999.08;136,0;1999;08;0,0
710;1999.09;136,0;1999;09;0,0
711;1999.10;136,0;1999;10;0,0
712;1999.11;136,0;1999;11;0,0
713;1999.12;136,0;1999;12;0,0
714;2000.01;136,0;2000;01;0,0
715;2000.02;136,0;2000;02;0,0
716;2000.03;136,0;2000;03;0,0
717;2000.04;151,0;2000;04;0,11029411764705888
718;2000.05;151,0;2000;05;0,0
719;2000.06;151,0;2000;06;0,0
720;2000.07;151,0;2000;07;0,0
721;2000.08;151,0;2000;08;0,0
722;2000.09;151,0;2000;09;0,0
723;2000.10;151,0;2000;10;0,0
724;2000.11;151,0;2000;11;0,0
725;2000.12;151,0;2000;12;0,0
726;2001.01;151,0;2001;01;0,0
727;2001.02;151,0;2001;02;0,0
728;2001.03;151,0;2001;03;0,0
729;2001.04;180,0;2001;04;0,19205298013245042
730;2001.05;180,0;2001;05;0,0
731;2001.06;180,0;2001;06;0,0
732;2001.07;180,0;2001;07;0,0
733;2001.08;180,0;2001;08;0,0
734;2001.09;180,0;2001;09;0,0
735;2001.10;180,0;2001;10;0,0
736;2001.11;180,0;2001;11;0,0
737;2001.12;180,0;2001;12;0,0
738;2002.01;180,0;2002;01;0,0
739;2002.02;180,0;2002;02;0,0
740;2002.03;180,0;2002;03;0,0
741;2002.04;200,0;2002;04;0,11111111111111116
742;2002.05;200,0;2002;05;0,0
743;2002.06;200,0;2002;06;0,0
744;2002.07;200,0;2002;07;0,0
745;2002.08;200,0;2002;08;0,0
746;2002.09;200,0;2002;09;0,0
747;2002.10;200,0;2002;10;0,0
748;2002.11;200,0;2002;11;0,0
749;2002.12;200,0;2002;12;0,0
750;2003.01;200,0;2003;01;0,0
751;2003.02;200,0;2003;02;0,0
752;2003.03;200,0;2003;03;0,0
753;2003.04;240,0;2003;04;0,19999999999999996
754;2003.05;240,0;2003;05;0,0
755;2003.06;240,0;2003;06;0,0
756;2003.07;240,0;2003;07;0,0
757;2003.08;240,0;2003;08;0,0
758;2003.09;240,0;2003;09;0,0
759;2003.10;240,0;2003;10;0,0
760;2003.11;240,0;2003;11;0,0
761;2003.12;240,0;2003;12;0,0
762;2004.01;240,0;2004;01;0,0
763;2004.02;240,0;2004;02;0,0
764;2004.03;240,0;2004;03;0,0
765;2004.04;240,0;2004;04;0,0
766;2004.05;260,0;2004;05;0,08333333333333326
767;2004.06;260,0;2004;06;0,0
768;2004.07;260,0;2004;07;0,0
769;2004.08;260,0;2004;08;0,0
770;2004.09;260,0;2004;09;0,0
771;2004.10;260,0;2004;10;0,0
772;2004.11;260,0;2004;11;0,0
773;2004.12;260,0;2004;12;0,0
774;2005.01;260,0;2005;01;0,0
775;2005.02;260,0;2005;02;0,0
776;2005.03;260,0;2005;03;0,0
777;2005.04;260,0;2005;04;0,0
778;2005.05;300,0;2005;05;0,15384615384615374
779;2005.06;300,0;2005;06;0,0
780;2005.07;300,0;2005;07;0,0
781;2005.08;300,0;2005;08;0,0
782;2005.09;300,0;2005;09;0,0
783;2005.10;300,0;2005;10;0,0
784;2005.11;300,0;2005;11;0,0
785;2005.12;300,0;2005;12;0,0
786;2006.01;300,0;2006;01;0,0
787;2006.02;300,0;2006;02;0,0
788;2006.03;300,0;2006;03;0,0
789;2006.04;350,0;2006;04;0,16666666666666674
790;2006.05;350,0;2006;05;0,0
791;2006.06;350,0;2006;06;0,0
792;2006.07;350,0;2006;07;0,0
793;2006.08;350,0;2006;08;0,0
794;2006.09;350,0;2006;09;0,0
795;2006.10;350,0;2006;10;0,0
796;2006.11;350,0;2006;11;0,0
797;2006.12;350,0;2006;12;0,0
798;2007.01;350,0;2007;01;0,0
799;2007.02;350,0;2007;02;0,0
800;2007.03;350,0;2007;03;0,0
801;2007.04;380,0;2007;04;0,08571428571428563
802;2007.05;380,0;2007;05;0,0
803;2007.06;380,0;2007;06;0,0
804;2007.07;380,0;2007;07;0,0
805;2007.08;380,0;2007;08;0,0
806;2007.09;380,0;2007;09;0,0
807;2007.10;380,0;2007;10;0,0
808;2007.11;380,0;2007;11;0,0
809;2007.12;380,0;2007;12;0,0
810;2008.01;380,0;2008;01;0,0
811;2008.02;380,0;2008;02;0,0
812;2008.03;415,0;2008;03;0,09210526315789469
813;2008.04;415,0;2008;04;0,0
814;2008.05;415,0;2008;05;0,0
815;2008.06;415,0;2008;06;0,0
816;2008.07;415,0;2008;07;0,0
817;2008.08;415,0;2008;08;0,0
818;2008.09;415,0;2008;09;0,0
819;2008.10;415,0;2008;10;0,0
820;2008.11;415,0;2008;11;0,0
821;2008.12;415,0;2008;12;0,0
822;2009.01;415,0;2009;01;0,0
823;2009.02;465,0;2009;02;0,12048192771084332
824;2009.03;465,0;2009;03;0,0
825;2009.04;465,0;2009;04;0,0
826;2009.05;465,0;2009;05;0,0
827;2009.06;465,0;2009;06;0,0
828;2009.07;465,0;2009;07;0,0
829;2009.08;465,0;2009;08;0,0
830;2009.09;465,0;2009;09;0,0
831;2009.10;465,0;2009;10;0,0
832;2009.11;465,0;2009;11;0,0
833;2009.12;465,0;2009;12;0,0
834;2010.01;510,0;2010;01;0,09677419354838701
835;2010.02;510,0;2010;02;0,0
836;2010.03;510,0;2010;03;0,0
837;2010.04;510,0;2010;04;0,0
838;2010.05;510,0;2010;05;0,0
839;2010.06;510,0;2010;06;0,0
840;2010.07;510,0;2010;07;0,0
841;2010.08;510,0;2010;08;0,0
842;2010.09;510,0;2010;09;0,0
843;2010.10;510,0;2010;10;0,0
844;2010.11;510,0;2010;11;0,0
845;2010.12;510,0;2010;12;0,0
846;2011.01;540,0;2011;01;0,05882352941176472
847;2011.02;540,0;2011;02;0,0
848;2011.03;545,0;2011;03;0,0092592592592593
849;2011.04;545,0;2011;04;0,0
850;2011.05;545,0;2011;05;0,0
851;2011.06;545,0;2011;06;0,0
852;2011.07;545,0;2011;07;0,0
853;2011.08;545,0;2011;08;0,0
854;2011.09;545,0;2011;09;0,0
855;2011.10;545,0;2011;10;0,0
856;2011.11;545,0;2011;11;0,0
857;2011.12;545,0;2011;12;0,0
858;2012.01;622,0;2012;01;0,14128440366972472
859;2012.02;622,0;2012;02;0,0
860;2012.03;622,0;2012;03;0,0
861;2012.04;622,0;2012;04;0,0
862;2012.05;622,0;2012;05;0,0
863;2012.06;622,0;2012;06;0,0
864;2012.07;622,0;2012;07;0,0
865;2012.08;622,0;2012;08;0,0
866;2012.09;622,0;2012;09;0,0
867;2012.10;622,0;2012;10;0,0
868;2012.11;622,0;2012;11;0,0
869;2012.12;622,0;2012;12;0,0
870;2013.01;678,0;2013;01;0,090032154340836
871;2013.02;678,0;2013;02;0,0
872;2013.03;678,0;2013;03;0,0
873;2013.04;678,0;2013;04;0,0
874;2013.05;678,0;2013;05;0,0
875;2013.06;678,0;2013;06;0,0
876;2013.07;678,0;2013;07;0,0
877;2013.08;678,0;2013;08;0,0
878;2013.09;678,0;2013;09;0,0
879;2013.10;678,0;2013;10;0,0
880;2013.11;678,0;2013;11;0,0
881;2013.12;678,0;2013;12;0,0
882;2014.01;724,0;2014;01;0,06784660766961648
883;2014.02;724,0;2014;02;0,0
884;2014.03;724,0;2014;03;0,0
885;2014.04;724,0;2014;04;0,0
886;2014.05;724,0;2014;05;0,0
887;2014.06;724,0;2014;06;0,0
888;2014.07;724,0;2014;07;0,0
889;2014.08;724,0;2014;08;0,0
890;2014.09;724,0;2014;09;0,0
891;2014.10;724,0;2014;10;0,0
892;2014.11;724,0;2014;11;0,0
893;2014.12;724,0;2014;12;0,0
894;2015.01;788,0;2015;01;0,08839779005524862
895;2015.02;788,0;2015;02;0,0
896;2015.03;788,0;2015;03;0,0
897;2015.04;788,0;2015;04;0,0
898;2015.05;788,0;2015;05;0,0
899;2015.06;788,0;2015;06;0,0
900;2015.07;788,0;2015;07;0,0
901;2015.08;788,0;2015;08;0,0
902;2015.09;788,0;2015;09;0,0
903;2015.10;788,0;2015;10;0,0
904;2015.11;788,0;2015;11;0,0
905;2015.12;788,0;2015;12;0,0
906;2016.01;880,0;2016;01;0,11675126903553301
907;2016.02;880,0;2016;02;0,0
908;2016.03;880,0;2016;03;0,0
909;2016.04;880,0;2016;04;0,0
910;2016.05;880,0;2016;05;0,0
911;2016.06;880,0;2016;06;0,0
912;2016.07;880,0;2016;07;0,0
913;2016.08;880,0;2016;08;0,0
914;2016.09;880,0;2016;09;0,0
915;2016.10;880,0;2016;10;0,0
916;2016.11;880,0;2016;11;0,0
917;2016.12;880,0;2016;12;0,0
918;2017.01;937,0;2017;01;0,0647727272727272
919;2017.02;937,0;2017;02;0,0
920;2017.03;937,0;2017;03;0,0
921;2017.04;937,0;2017;04;0,0
922;2017.05;937,0;2017;05;0,0
923;2017.06;937,0;2017;06;0,0
924;2017.07;937,0;2017;07;0,0
925;2017.08;937,0;2017;08;0,0
926;2017.09;937,0;2017;09;0,0
927;2017.10;937,0;2017;10;0,0
928;2017.11;937,0;2017;11;0,0
929;2017.12;937,0;2017;12;0,0
930;2018.01;954,0;2018;01;0,018143009605122717
931;2018.02;954,0;2018;02;0,0
932;2018.03;954,0;2018;03;0,0
933;2018.04;954,0;2018;04;0,0
934;2018.05;954,0;2018;05;0,0
935;2018.06;954,0;2018;06;0,0
936;2018.07;954,0;2018;07;0,0
937;2018.08;954,0;2018;08;0,0
938;2018.09;954,0;2018;09;0,0
939;2018.10;954,0;2018;10;0,0
940;2018.11;954,0;2018;11;0,0
941;2018.12;954,0;2018;12;0,0
942;2019.01;998,0;2019;01;0,04612159329140453
943;2019.02;998,0;2019;02;0,0
944;2019.03;998,0;2019;03;0,0
945;2019.04;998,0;2019;04;0,0
946;2019.05;998,0;2019;05;0,0
947;2019.06;998,0;2019;06;0,0
948;2019.07;998,0;2019;07;0,0
949;2019.08;998,0;2019;08;0,0
950;2019.09;998,0;2019;09;0,0
951;2019.10;998,0;2019;10;0,0
952;2019.11;998,0;2019;11;0,0
953;2019.12;998,0;2019;12;0,0
954;2020.01;1039,0;2020;01;0,04108216432865741
955;2020.02;1045,0;2020;02;0,005774783445620768
956;2020.03;1045,0;2020;03;0,0
957;2020.04;1045,0;2020;04;0,0
958;2020.05;1045,0;2020;05;0,0
959;2020.06;1045,0;2020;06;0,0
960;2020.07;1045,0;2020;07;0,0
961;2020.08;1045,0;2020;08;0,0
962;2020.09;1045,0;2020;09;0,0
963;2020.10;1045,0;2020;10;0,0
964;2020.11;1045,0;2020;11;0,0
965;2020.12;1045,0;2020;12;0,0
966;2021.01;1100,0;2021;01;0,05263157894736836
967;2021.02;1100,0;2021;02;0,0
968;2021.03;1100,0;2021;03;0,0
969;2021.04;1100,0;2021;04;0,0
970;2021.05;1100,0;2021;05;0,0
971;2021.06;1100,0;2021;06;0,0
972;2021.07;1100,0;2021;07;0,0
973;2021.08;1100,0;2021;08;0,0
974;2021.09;1100,0;2021;09;0,0
975;2021.10;1100,0;2021;10;0,0
976;2021.11;1100,0;2021;11;0,0
977;2021.12;1100,0;2021;12;0,0
978;2022.01;1212,0;2022;01;0,10181818181818181
979;2022.02;1212,0;2022;02;0,0
980;2022.03;1212,0;2022;03;0,0
981;2022.04;1212,0;2022;04;0,0
982;2022.05;1212,0;2022;05;0,0
983;2022.06;1212,0;2022;06;0,0
984;2022.07;1212,0;2022;07;0,0
985;2022.08;1212,0;2022;08;0,0
986;2022.09;1212,0;2022;09;0,0
987;2022.10;1212,0;2022;10;0,0
988;2022.11;1212,0;2022;11;0,0
989;2022.12;1212,0;2022;12;0,0
