;data;Taxa de juros nominal Overnight Selic;ano;mês;variação
0;1974.01;19,0;1974;01;
1;1974.02;14,71;1974;02;-0,22578947368421043
2;1974.03;14,84;1974;03;0,008837525492861875
3;1974.04;15,53;1974;04;0,046495956873315425
4;1974.05;15,94;1974;05;0,02640051513200259
5;1974.06;19,7;1974;06;0,23588456712672512
6;1974.07;21,27;1974;07;0,07969543147208125
7;1974.08;12,68;1974;08;-0,4038551951104843
8;1974.09;17,88;1974;09;0,41009463722397466
9;1974.10;14,3;1974;10;-0,20022371364653235
10;1974.11;19,0;1974;11;0,32867132867132853
11;1974.12;22,85;1974;12;0,2026315789473685
12;1975.01;23,73;1975;01;0,038512035010940915
13;1975.02;20,98;1975;02;-0,11588706278971761
14;1975.03;13,08;1975;03;-0,3765490943755958
15;1975.04;15,25;1975;04;0,16590214067278297
16;1975.05;19,0;1975;05;0,24590163934426235
17;1975.06;23,29;1975;06;0,22578947368421054
18;1975.07;21,7;1975;07;-0,06826964362387289
19;1975.08;20,98;1975;08;-0,03317972350230414
20;1975.09;20,56;1975;09;-0,020019065776930467
21;1975.10;26,08;1975;10;0,2684824902723735
22;1975.11;32,15;1975;11;0,23274539877300615
23;1975.12;26,68;1975;12;-0,17013996889580085
24;1976.01;32,3;1976;01;0,21064467766116923
25;1976.02;35,75;1976;02;0,10681114551083604
26;1976.03;34,96;1976;03;-0,022097902097902078
27;1976.04;42,91;1976;04;0,22740274599542332
28;1976.05;35,91;1976;05;-0,16313213703099516
29;1976.06;36,39;1976;06;0,013366750208855693
30;1976.07;48,67;1976;07;0,33745534487496576
31;1976.08;39,29;1976;08;-0,1927265255804398
32;1976.09;48,16;1976;09;0,2257571901247135
33;1976.10;45,76;1976;10;-0,04983388704318936
34;1976.11;42,08;1976;11;-0,08041958041958042
35;1976.12;53,22;1976;12;0,26473384030418257
36;1977.01;50,23;1977;01;-0,05618188650883127
37;1977.02;47,13;1977;02;-0,06171610591280097
38;1977.03;44,92;1977;03;-0,046891576490558085
39;1977.04;36,71;1977;04;-0,18276936776491537
40;1977.05;29,99;1977;05;-0,18305638790520296
41;1977.06;44,08;1977;06;0,4698232744248083
42;1977.07;47,47;1977;07;0,0769056261343013
43;1977.08;37,19;1977;08;-0,21655782599536555
44;1977.09;50,93;1977;09;0,36945415434256534
45;1977.10;27,12;1977;10;-0,4675044178283919
46;1977.11;28,17;1977;11;0,03871681415929196
47;1977.12;63,84;1977;12;1,2662406815761447
48;1978.01;52,87;1978;01;-0,17183583959899762
49;1978.02;41,42;1978;02;-0,21656894268961602
50;1978.03;42,24;1978;03;0,019797199420569678
51;1978.04;46,1;1978;04;0,09138257575757569
52;1978.05;34,65;1978;05;-0,2483731019522777
53;1978.06;41,09;1978;06;0,18585858585858595
54;1978.07;54,65;1978;07;0,33000730104648324
55;1978.08;31,07;1978;08;-0,4314730100640439
56;1978.09;52,87;1978;09;0,70164145477953
57;1978.10;43,41;1978;10;-0,17892944959334223
58;1978.11;49,36;1978;11;0,13706519235199277
59;1978.12;71,15;1978;12;0,4414505672609401
60;1979.01;53,93;1979;01;-0,24202389318341544
61;1979.02;49,89;1979;02;-0,07491192286297055
62;1979.03;58,45;1979;03;0,17157747043495686
63;1979.04;53,4;1979;04;-0,08639863130881098
64;1979.05;40,27;1979;05;-0,24588014981273398
65;1979.06;38,8;1979;06;-0,03650360069530678
66;1979.07;25,19;1979;07;-0,3507731958762885
67;1979.08;34,49;1979;08;0,36919412465264
68;1979.09;51,28;1979;09;0,48680777036822254
69;1979.10;29,99;1979;10;-0,41517160686427457
70;1979.11;28,02;1979;11;-0,0656885628542847
71;1979.12;52,34;1979;12;0,8679514632405425
72;1980.01;41,75;1980;01;-0,2023309132594574
73;1980.02;34,02;1980;02;-0,1851497005988023
74;1980.03;52,34;1980;03;0,5385067607289828
75;1980.04;26,08;1980;04;-0,5017195261750096
76;1980.05;27,27;1980;05;0,04562883435582821
77;1980.06;33,7;1980;06;0,23579024569123597
78;1980.07;46,1;1980;07;0,3679525222551927
79;1980.08;43,24;1980;08;-0,06203904555314532
80;1980.09;49,89;1980;09;0,15379278445883426
81;1980.10;59,37;1980;10;0,19001803968731212
82;1980.11;60,84;1980;11;0,02475997978777178
83;1980.12;93,39;1980;12;0,5350098619329389
84;1981.01;85,63;1981;01;-0,08309240818074748
85;1981.02;75,52;1981;02;-0,11806609833002457
86;1981.03;80,61;1981;03;0,06739936440677963
87;1981.04;69,98;1981;04;-0,13186949509986345
88;1981.05;94,49;1981;05;0,35024292655044276
89;1981.06;74,52;1981;06;-0,21134511588527882
90;1981.07;92,29;1981;07;0,23845947396672051
91;1981.08;98,73;1981;08;0,06978004117455838
92;1981.09;92,29;1981;09;-0,06522840068874702
93;1981.10;101,68;1981;10;0,10174450102936405
94;1981.11;90,12;1981;11;-0,11369000786782057
95;1981.12;120,96;1981;12;0,34221038615179755
96;1982.01;101,68;1982;01;-0,1593915343915343
97;1982.02;86,05;1982;02;-0,1537175452399686
98;1982.03;114,35;1982;03;0,32887855897733864
99;1982.04;98,95;1982;04;-0,134674245736773
100;1982.05;104,2;1982;05;0,05305709954522486
101;1982.06;104,43;1982;06;0,0022072936660268994
102;1982.07;115,56;1982;07;0,10657856937661592
103;1982.08;140,31;1982;08;0,21417445482866038
104;1982.09;119,23;1982;09;-0,15023875703798728
105;1982.10;133,18;1982;10;0,11700075484357964
106;1982.11;156,05;1982;11;0,17172248085298092
107;1982.12;173,92;1982;12;0,1145145786606856
108;1983.01;125,22;1983;01;-0,28001379944802207
109;1983.02;118,99;1983;02;-0,049752435713144916
110;1983.03;194,87;1983;03;0,637700647113203
111;1983.04;250,6;1983;04;0,2859855288140811
112;1983.05;249,85;1983;05;-0,002992817238627321
113;1983.06;267,25;1983;06;0,06964178507104268
114;1983.07;236,83;1983;07;-0,11382600561272216
115;1983.08;218,67;1983;08;-0,07667947472870851
116;1983.09;185,95;1983;09;-0,14963186536790596
117;1983.10;202,73;1983;10;0,09023931164291477
118;1983.11;193,58;1983;11;-0,045133921965175294
119;1983.12;194,23;1983;12;0,0033577848951336087
120;1984.01;223,92;1984;01;0,1528600113267775
121;1984.02;295,48;1984;02;0,31957842086459465
122;1984.03;259,81;1984;03;-0,1207188303776906
123;1984.04;217,98;1984;04;-0,16100227089026597
124;1984.05;206,06;1984;05;-0,05468391595559219
125;1984.06;219,71;1984;06;0,0662428418907115
126;1984.07;292,11;1984;07;0,32952528332802333
127;1984.08;242,73;1984;08;-0,16904590736366443
128;1984.09;285,03;1984;09;0,17426770485724874
129;1984.10;328,42;1984;10;0,1522295898677335
130;1984.11;244,59;1984;11;-0,25525242068083553
131;1984.12;272,02;1984;12;0,1121468580072773
132;1985.01;378,76;1985;01;0,39239761782221905
133;1985.02;287,93;1985;02;-0,23980884993135487
134;1985.03;337,61;1985;03;0,17254193727642142
135;1985.04;346,05;1985;04;0,024999259500607218
136;1985.05;302,74;1985;05;-0,12515532437509036
137;1985.06;239,77;1985;06;-0,20800026425315454
138;1985.07;214,87;1985;07;-0,10384952245902324
139;1985.08;194,87;1985;08;-0,09307953646390843
140;1985.09;229,96;1985;09;0,18006876379124548
141;1985.10;237,57;1985;10;0,03309271177596096
142;1985.11;229,96;1985;11;-0,03203266405690952
143;1985.12;379,77;1985;12;0,6514611236736823
144;1986.01;536,08;1986;01;0,41159122626853106
145;1986.02;409,9;1986;02;-0,23537531711684834
146;1986.03;15,12;1986;03;-0,9631129543791168
147;1986.04;16,08;1986;04;0,06349206349206349
148;1986.05;15,66;1986;05;-0,026119402985074536
149;1986.06;16,35;1986;06;0,04406130268199249
150;1986.07;26,08;1986;07;0,5951070336391435
151;1986.08;35,6;1986;08;0,3650306748466259
152;1986.09;41,58;1986;09;0,16797752808988764
153;1986.10;26,23;1986;10;-0,36916786916786914
154;1986.11;32,46;1986;11;0,23751429660693857
155;1986.12;89,47;1986;12;1,7563154651879236
156;1987.01;249,85;1987;01;1,7925561640773444
157;1987.02;757,45;1987;02;2,03161897138283
158;1987.03;287,52;1987;03;-0,6204105881576343
159;1987.04;452,02;1987;04;0,5721341124095716
160;1987.05;1304,34;1987;05;1,8855802840582276
161;1987.06;630,24;1987;06;-0,5168131008786052
162;1987.07;178,49;1987;07;-0,7167904290429044
163;1987.08;154,35;1987;08;-0,1352456720264441
164;1987.09;151,54;1987;09;-0,018205377389050925
165;1987.10;195,52;1987;10;0,2902204038537681
166;1987.11;329,78;1987;11;0,6866816693944351
167;1987.12;401,42;1987;12;0,21723573291285114
168;1988.01;543,31;1988;01;0,3534701808579541
169;1988.02;655,13;1988;02;0,20581251955605473
170;1988.03;530,86;1988;03;-0,18968754293041068
171;1988.04;814,16;1988;04;0,533662359190747
172;1988.05;678,42;1988;05;-0,16672398545740397
173;1988.06;806,89;1988;06;0,18936646914890476
174;1988.07;1312,47;1988;07;0,6265785918774556
175;1988.08;1056,54;1988;08;-0,19499874282840757
176;1988.09;1539,75;1988;09;0,4573513544210348
177;1988.10;2185,05;1988;10;0,4190940087676571
178;1988.11;1909,95;1988;11;-0,12590100913022595
179;1988.12;2281,95;1988;12;0,19476949658368015
180;1989.01;1095,61;1989;01;-0,5198799272551984
181;1989.02;702,37;1989;02;-0,35892333950949695
182;1989.03;828,86;1989;03;0,18009026581431442
183;1989.04;270,03;1989;04;-0,6742151871244842
184;1989.05;266,46;1989;05;-0,013220753249638895
185;1989.06;1709,39;1989;06;5,415184267807552
186;1989.07;3005,23;1989;07;0,7580715927904105
187;1989.08;3727,25;1989;08;0,24025448967300345
188;1989.09;4916,57;1989;09;0,3190877993158494
189;1989.10;10678,69;1989;10;1,171979652481303
190;1989.11;11317,16;1989;11;0,059789168896184686
191;1989.12;38341,05;1989;12;2,3878685111812508
192;1990.01;49023,37;1990;01;0,2786131313566007
193;1990.02;132334,74;1990;02;1,6994215207971215
194;1990.03;4180,64;1990;03;-0,9684085977725879
195;1990.04;64,4;1990;04;-0,9845956599946419
196;1990.05;94,27;1990;05;0,4638198757763974
197;1990.06;173,02;1990;06;0,8353665004773525
198;1990.07;371,25;1990;07;1,1457056987631486
199;1990.08;270,43;1990;08;-0,27156902356902357
200;1990.09;446,87;1990;09;0,6524424065377361
201;1990.10;524,4;1990;10;0,17349564750374813
202;1990.11;776,57;1990;11;0,4808733790999238
203;1990.12;1082,84;1990;12;0,39438814273021094
204;1991.01;886,93;1991;01;-0,18092238927265336
205;1991.02;121,46;1991;02;-0,8630557090187501
206;1991.03;180,96;1991;03;0,48987320928700817
207;1991.04;202,73;1991;04;0,12030282935455339
208;1991.05;199,11;1991;05;-0,017856262023380753
209;1991.06;224,98;1991;06;0,1299281804027923
210;1991.07;306,19;1991;07;0,3609654191483689
211;1991.08;478,43;1991;08;0,5625265358110978
212;1991.09;772,19;1991;09;0,6140083188763248
213;1991.10;1493,6;1991;10;0,9342389826338076
214;1991.11;2809,62;1991;11;0,8811060524906267
215;1991.12;2494,26;1991;12;-0,1122429367672495
216;1992.01;2035,5;1992;01;-0,18392629477279843
217;1992.02;1976,69;1992;02;-0,02889216408744777
218;1992.03;1637,39;1992;03;-0,17165058759845997
219;1992.04;1211,28;1992;04;-0,26023732891980533
220;1992.05;1099,12;1992;05;-0,09259626180569325
221;1992.06;1257,73;1992;06;0,14430635417424864
222;1992.07;1533,52;1992;07;0,21927599723311042
223;1992.08;1448,64;1992;08;-0,05534978350461672
224;1992.09;1773,52;1992;09;0,22426551800309236
225;1992.10;1867,18;1992;10;0,05281023050205236
226;1992.11;1563,28;1992;11;-0,16275881275506388
227;1992.12;1489,05;1992;12;-0,04748349623867765
228;1993.01;1930,71;1993;01;0,2966052180920722
229;1993.02;2003,95;1993;02;0,03793423144853447
230;1993.03;1900,58;1993;03;-0,051583123331420455
231;1993.04;2346,38;1993;04;0,23455997642824822
232;1993.05;2430,9;1993;05;0,0360214458016177
233;1993.06;2675,45;1993;06;0,10060060060060039
234;1993.07;2889,71;1993;07;0,08008372423330656
235;1993.08;3448,86;1993;08;0,19349692529700224
236;1993.09;4360,55;1993;09;0,2643453199028085
237;1993.10;4838,93;1993;10;0,10970634438316273
238;1993.11;4830,37;1993;11;-0,0017689861188321387
239;1993.12;5756,83;1993;12;0,19179897192140571
240;1994.01;7066,03;1994;01;0,22741682488452852
241;1994.02;6615,73;1994;02;-0,06372743959479366
242;1994.03;9609,68;1994;03;0,4525502098785774
243;1994.04;9665,53;1994;04;0,005811848053212998
244;1994.05;10899,67;1994;05;0,12768466912833532
245;1994.06;13533,01;1994;06;0,24159814012717828
246;1994.07;121,96;1994;07;-0,9909879620276643
247;1994.08;63,27;1994;08;-0,48122335191866183
248;1994.09;56,99;1994;09;-0,09925715188873085
249;1994.10;53,22;1994;10;-0,06615195648359362
250;1994.11;61,4;1994;11;0,15370161593385956
251;1994.12;56,45;1994;12;-0,08061889250814325
252;1995.01;48,84;1995;01;-0,13480956598759963
253;1995.02;46,78;1995;02;-0,04217854217854222
254;1995.03;64,97;1995;03;0,38884138520735356
255;1995.04;64,97;1995;04;0,0
256;1995.05;64,78;1995;05;-0,0029244266584577128
257;1995.06;60,84;1995;06;-0,060821241123803604
258;1995.07;60,47;1995;07;-0,006081525312294667
259;1995.08;57,17;1995;08;-0,05457251529684137
260;1995.09;47,98;1995;09;-0,160748644393913
261;1995.10;44,08;1995;10;-0,08128386827844936
262;1995.11;40,6;1995;11;-0,07894736842105254
263;1995.12;38,96;1995;12;-0,040394088669950756
264;1996.01;35,75;1996;01;-0,0823921971252567
265;1996.02;32,15;1996;02;-0,10069930069930078
266;1996.03;30,15;1996;03;-0,06220839813374801
267;1996.04;27,87;1996;04;-0,07562189054726365
268;1996.05;26,97;1996;05;-0,0322927879440259
269;1996.06;26,53;1996;06;-0,01631442343344447
270;1996.07;25,78;1996;07;-0,028269883151149644
271;1996.08;26,38;1996;08;0,023273855702094615
272;1996.09;25,34;1996;09;-0,039423805913570864
273;1996.10;24,75;1996;10;-0,02328334648776642
274;1996.11;23,87;1996;11;-0,03555555555555556
275;1996.12;23,87;1996;12;0,0
276;1997.01;22,85;1997;01;-0,04273146208630074
277;1997.02;21,99;1997;02;-0,03763676148796513
278;1997.03;21,56;1997;03;-0,019554342883128628
279;1997.04;21,84;1997;04;0,012987012987013102
280;1997.05;20,7;1997;05;-0,052197802197802234
281;1997.06;21,13;1997;06;0,020772946859903385
282;1997.07;20,98;1997;07;-0,00709891150023656
283;1997.08;20,84;1997;08;-0,006673021925643452
284;1997.09;20,84;1997;09;0,0
285;1997.10;21,99;1997;10;0,05518234165067182
286;1997.11;43,24;1997;11;0,966348340154616
287;1997.12;42,08;1997;12;-0,026827012025901986
288;1998.01;37,19;1998;01;-0,11620722433460073
289;1998.02;28,78;1998;02;-0,22613605808012904
290;1998.03;29,84;1998;03;0,03683113273106309
291;1998.04;22,56;1998;04;-0,24396782841823061
292;1998.05;21,41;1998;05;-0,05097517730496448
293;1998.06;20,98;1998;06;-0,02008407286314806
294;1998.07;22,42;1998;07;0,06863679694947566
295;1998.08;19,28;1998;08;-0,14005352363960755
296;1998.09;34,33;1998;09;0,7806016597510372
297;1998.10;41,58;1998;10;0,2111855519953394
298;1998.11;36,55;1998;11;-0,12097162097162095
299;1998.12;32,92;1998;12;-0,09931600547195607
300;1999.01;29,54;1999;01;-0,10267314702308639
301;1999.02;32,61;1999;02;0,10392687880839535
302;1999.03;48,16;1999;03;0,4768475927629561
303;1999.04;32,15;1999;04;-0,33243355481727577
304;1999.05;27,12;1999;05;-0,15645412130637626
305;1999.06;21,99;1999;06;-0,18915929203539827
306;1999.07;21,84;1999;07;-0,006821282401091366
307;1999.08;20,56;1999;08;-0,05860805860805862
308;1999.09;19,42;1999;09;-0,055447470817120426
309;1999.10;17,88;1999;10;-0,07929969104016488
310;1999.11;18,02;1999;11;0,007829977628635465
311;1999.12;20,98;1999;12;0,1642619311875695
312;2000.01;19,0;2000;01;-0,09437559580552912
313;2000.02;18,86;2000;02;-0,00736842105263158
314;2000.03;18,86;2000;03;0,0
315;2000.04;16,77;2000;04;-0,11081654294803822
316;2000.05;19,42;2000;05;0,15802027429934418
317;2000.06;18,02;2000;06;-0,07209062821833168
318;2000.07;16,9;2000;07;-0,062153163152053326
319;2000.08;18,3;2000;08;0,08284023668639073
320;2000.09;15,66;2000;09;-0,1442622950819672
321;2000.10;16,63;2000;10;0,06194125159642394
322;2000.11;15,66;2000;11;-0,058328322309079916
323;2000.12;15,39;2000;12;-0,01724137931034475
324;2001.01;16,35;2001;01;0,06237816764132553
325;2001.02;12,95;2001;02;-0,2079510703363916
326;2001.03;16,21;2001;03;0,25173745173745177
327;2001.04;15,25;2001;04;-0,059222702035780395
328;2001.05;17,32;2001;05;0,13573770491803283
329;2001.06;16,35;2001;06;-0,0560046189376443
330;2001.07;19,56;2001;07;0,19633027522935764
331;2001.08;20,98;2001;08;0,07259713701431503
332;2001.09;17,04;2001;09;-0,18779790276453767
333;2001.10;19,99;2001;10;0,1731220657276995
334;2001.11;18,02;2001;11;-0,09854927463731866
335;2001.12;18,02;2001;12;0,0
336;2002.01;19,99;2002;01;0,10932297447280792
337;2002.02;16,08;2002;02;-0,19559779889944973
338;2002.03;17,74;2002;03;0,1032338308457712
339;2002.04;19,28;2002;04;0,08680947012401363
340;2002.05;18,3;2002;05;-0,05082987551867224
341;2002.06;17,18;2002;06;-0,06120218579234982
342;2002.07;20,13;2002;07;0,17171129220023285
343;2002.08;18,72;2002;08;-0,07004470938897167
344;2002.09;17,88;2002;09;-0,04487179487179482
345;2002.10;21,7;2002;10;0,21364653243847886
346;2002.11;20,13;2002;11;-0,07235023041474653
347;2002.12;23,0;2002;12;0,14257327372081474
348;2003.01;26,38;2003;01;0,14695652173913043
349;2003.02;24,31;2003;02;-0,07846853677028054
350;2003.03;23,58;2003;03;-0,030028794734677122
351;2003.04;24,9;2003;04;0,05597964376590325
352;2003.05;26,38;2003;05;0,05943775100401605
353;2003.06;24,75;2003;06;-0,06178923426838512
354;2003.07;28,02;2003;07;0,13212121212121208
355;2003.08;23,43;2003;08;-0,1638115631691649
356;2003.09;22,13;2003;09;-0,055484421681604834
357;2003.10;21,56;2003;10;-0,0257568910980569
358;2003.11;17,32;2003;11;-0,19666048237476808
359;2003.12;17,74;2003;12;0,024249422632794282
360;2004.01;16,35;2004;01;-0,07835400225479128
361;2004.02;13,76;2004;02;-0,1584097859327218
362;2004.03;17,88;2004;03;0,29941860465116266
363;2004.04;15,12;2004;04;-0,15436241610738255
364;2004.05;15,8;2004;05;0,04497354497354511
365;2004.06;15,8;2004;06;0,0
366;2004.07;16,63;2004;07;0,05253164556962009
367;2004.08;16,63;2004;08;0,0
368;2004.09;16,08;2004;09;-0,03307276007215876
369;2004.10;15,53;2004;10;-0,03420398009950243
370;2004.11;16,08;2004;11;0,03541532517707657
371;2004.12;19,28;2004;12;0,1990049751243783
372;2005.01;17,88;2005;01;-0,0726141078838175
373;2005.02;15,66;2005;02;-0,12416107382550334
374;2005.03;19,99;2005;03;0,27650063856960405
375;2005.04;18,3;2005;04;-0,08454227113556767
376;2005.05;19,56;2005;05;0,06885245901639325
377;2005.06;20,84;2005;06;0,06543967280163598
378;2005.07;19,7;2005;07;-0,054702495201535584
379;2005.08;21,84;2005;08;0,10862944162436561
380;2005.09;19,56;2005;09;-0,10439560439560447
381;2005.10;18,3;2005;10;-0,06441717791411028
382;2005.11;17,88;2005;11;-0,022950819672131195
383;2005.12;19,14;2005;12;0,0704697986577183
384;2006.01;18,58;2006;01;-0,02925809822361558
385;2006.02;14,71;2006;02;-0,20828848223896657
386;2006.03;18,44;2006;03;0,2535690006798097
387;2006.04;13,76;2006;04;-0,2537960954446855
388;2006.05;16,49;2006;05;0,19840116279069764
389;2006.06;15,12;2006;06;-0,08308065494238925
390;2006.07;14,98;2006;07;-0,00925925925925919
391;2006.08;16,21;2006;08;0,08210947930574108
392;2006.09;13,49;2006;09;-0,1677976557680444
393;2006.10;13,89;2006;10;0,029651593773165397
394;2006.11;12,95;2006;11;-0,06767458603311749
395;2006.12;12,55;2006;12;-0,030888030888030826
396;2007.01;13,76;2007;01;0,0964143426294819
397;2007.02;10,95;2007;02;-0,20421511627906985
398;2007.03;13,35;2007;03;0,2191780821917808
399;2007.04;11,88;2007;04;-0,11011235955056176
400;2007.05;13,08;2007;05;0,101010101010101
401;2007.06;11,48;2007;06;-0,1223241590214067
402;2007.07;12,28;2007;07;0,06968641114982566
403;2007.08;12,55;2007;08;0,02198697068403921
404;2007.09;10,03;2007;09;-0,20079681274900407
405;2007.10;11,75;2007;10;0,1714855433698903
406;2007.11;10,56;2007;11;-0,10127659574468084
407;2007.12;10,56;2007;12;0,0
408;2008.01;11,75;2008;01;0,11268939393939381
409;2008.02;10,03;2008;02;-0,14638297872340433
410;2008.03;10,56;2008;03;0,05284147557328023
411;2008.04;11,35;2008;04;0,07481060606060597
412;2008.05;11,09;2008;05;-0,022907488986784075
413;2008.06;12,15;2008;06;0,09558160504959434
414;2008.07;13,62;2008;07;0,12098765432098757
415;2008.08;12,95;2008;08;-0,04919236417033779
416;2008.09;14,03;2008;09;0,0833976833976835
417;2008.10;15,12;2008;10;0,0776906628652887
418;2008.11;12,95;2008;11;-0,1435185185185185
419;2008.12;14,3;2008;12;0,10424710424710426
420;2009.01;13,35;2009;01;-0,06643356643356646
421;2009.02;10,82;2009;02;-0,1895131086142322
422;2009.03;12,28;2009;03;0,1349353049907578
423;2009.04;10,56;2009;04;-0,1400651465798045
424;2009.05;9,64;2009;05;-0,08712121212121215
425;2009.06;9,51;2009;06;-0,0134854771784233
426;2009.07;9,9;2009;07;0,04100946372239744
427;2009.08;8,6;2009;08;-0,13131313131313138
428;2009.09;8,6;2009;09;0,0
429;2009.10;8,6;2009;10;0,0
430;2009.11;8,21;2009;11;-0,04534883720930216
431;2009.12;9,12;2009;12;0,11084043848964664
432;2010.01;8,21;2010;01;-0,0997807017543858
433;2010.02;7,31;2010;02;-0,10962241169305742
434;2010.03;9,51;2010;03;0,30095759233926134
435;2010.04;8,34;2010;04;-0,12302839116719244
436;2010.05;9,38;2010;05;0,12470023980815359
437;2010.06;9,9;2010;06;0,05543710021321946
438;2010.07;10,82;2010;07;0,09292929292929286
439;2010.08;11,22;2010;08;0,0369685767097967
440;2010.09;10,69;2010;09;-0,04723707664884147
441;2010.10;10,16;2010;10;-0,04957904583723105
442;2010.11;10,16;2010;11;0,0
443;2010.12;11,75;2010;12;0,15649606299212593
444;2011.01;10,82;2011;01;-0,07914893617021279
445;2011.02;10,56;2011;02;-0,02402957486136781
446;2011.03;11,62;2011;03;0,10037878787878785
447;2011.04;10,56;2011;04;-0,09122203098106707
448;2011.05;12,55;2011;05;0,18844696969696972
449;2011.06;12,15;2011;06;-0,031872509960159334
450;2011.07;12,28;2011;07;0,010699588477366184
451;2011.08;13,62;2011;08;0,10912052117263848
452;2011.09;11,88;2011;09;-0,1277533039647576
453;2011.10;11,09;2011;10;-0,06649831649831661
454;2011.11;10,82;2011;11;-0,024346257889990897
455;2011.12;11,48;2011;12;0,060998151571164616
456;2012.01;11,22;2012;01;-0,022648083623693416
457;2012.02;9,38;2012;02;-0,16399286987522277
458;2012.03;10,3;2012;03;0,09808102345415781
459;2012.04;8,86;2012;04;-0,13980582524271856
460;2012.05;9,25;2012;05;0,04401805869074504
461;2012.06;7,96;2012;06;-0,13945945945945948
462;2012.07;8,47;2012;07;0,06407035175879416
463;2012.08;8,6;2012;08;0,015348288075560657
464;2012.09;6,68;2012;09;-0,22325581395348837
465;2012.10;7,57;2012;10;0,13323353293413187
466;2012.11;6,8;2012;11;-0,10171730515191546
467;2012.12;6,8;2012;12;0,0
468;2013.01;7,44;2013;01;0,09411764705882364
469;2013.02;6,04;2013;02;-0,18817204301075274
470;2013.03;6,8;2013;03;0,1258278145695364
471;2013.04;7,57;2013;04;0,1132352941176471
472;2013.05;7,44;2013;05;-0,017173051519154492
473;2013.06;7,57;2013;06;0,017473118279569988
474;2013.07;8,99;2013;07;0,18758256274768814
475;2013.08;8,86;2013;08;-0,014460511679644128
476;2013.09;8,86;2013;09;0,0
477;2013.10;10,16;2013;10;0,1467268623024831
478;2013.11;8,99;2013;11;-0,11515748031496065
479;2013.12;9,9;2013;12;0,10122358175750845
480;2014.01;10,69;2014;01;0,07979797979797976
481;2014.02;9,9;2014;02;-0,07390084190832547
482;2014.03;9,64;2014;03;-0,02626262626262621
483;2014.04;10,3;2014;04;0,06846473029045641
484;2014.05;10,95;2014;05;0,0631067961165046
485;2014.06;10,3;2014;06;-0,059360730593607136
486;2014.07;12,01;2014;07;0,16601941747572813
487;2014.08;10,95;2014;08;-0,08825978351373864
488;2014.09;11,48;2014;09;0,04840182648401847
489;2014.10;12,01;2014;10;0,04616724738675959
490;2014.11;10,56;2014;11;-0,1207327227310574
491;2014.12;12,15;2014;12;0,15056818181818188
492;2015.01;11,88;2015;01;-0,022222222222222143
493;2015.02;10,3;2015;02;-0,132996632996633
494;2015.03;13,22;2015;03;0,2834951456310679
495;2015.04;12,01;2015;04;-0,09152798789712557
496;2015.05;12,55;2015;05;0,044962531223980085
497;2015.06;13,62;2015;06;0,08525896414342626
498;2015.07;15,12;2015;07;0,11013215859030834
499;2015.08;14,16;2015;08;-0,06349206349206349
500;2015.09;14,16;2015;09;0,0
501;2015.10;14,16;2015;10;0,0
502;2015.11;13,49;2015;11;-0,04731638418079098
503;2015.12;14,84;2015;12;0,10007412898443291
504;2016.01;13,49;2016;01;-0,09097035040431267
505;2016.02;12,68;2016;02;-0,06004447739065977
506;2016.03;14,84;2016;03;0,17034700315457418
507;2016.04;13,49;2016;04;-0,09097035040431267
508;2016.05;14,16;2016;05;0,0496664195700518
509;2016.06;14,84;2016;06;0,04802259887005644
510;2016.07;14,16;2016;07;-0,04582210242587603
511;2016.08;15,66;2016;08;0,10593220338983045
512;2016.09;14,16;2016;09;-0,09578544061302685
513;2016.10;13,35;2016;10;-0,057203389830508544
514;2016.11;13,22;2016;11;-0,009737827715355696
515;2016.12;14,3;2016;12;0,0816944024205748
516;2017.01;13,89;2017;01;-0,02867132867132871
517;2017.02;10,95;2017;02;-0,21166306695464376
518;2017.03;13,35;2017;03;0,2191780821917808
519;2017.04;9,9;2017;04;-0,2584269662921348
520;2017.05;11,75;2017;05;0,18686868686868685
521;2017.06;10,16;2017;06;-0,13531914893617025
522;2017.07;10,03;2017;07;-0,01279527559055127
523;2017.08;10,03;2017;08;0,0
524;2017.09;7,96;2017;09;-0,20638085742771684
525;2017.10;7,96;2017;10;0,0
526;2017.11;7,06;2017;11;-0,11306532663316582
527;2017.12;6,68;2017;12;-0,053824362606232246
528;2018.01;7,19;2018;01;0,07634730538922163
529;2018.02;5,79;2018;02;-0,19471488178025043
530;2018.03;6,55;2018;03;0,13126079447322958
531;2018.04;6,42;2018;04;-0,01984732824427482
532;2018.05;6,42;2018;05;0,0
533;2018.06;6,42;2018;06;0,0
534;2018.07;6,68;2018;07;0,04049844236760114
535;2018.08;7,06;2018;08;0,05688622754491024
536;2018.09;5,79;2018;09;-0,17988668555240783
537;2018.10;6,68;2018;10;0,15371329879101903
538;2018.11;6,04;2018;11;-0,09580838323353291
539;2018.12;6,04;2018;12;0,0
540;2019.01;6,68;2019;01;0,10596026490066213
541;2019.02;6,04;2019;02;-0,09580838323353291
542;2019.03;5,79;2019;03;-0,04139072847682124
543;2019.04;6,42;2019;04;0,10880829015544036
544;2019.05;6,68;2019;05;0,04049844236760114
545;2019.06;5,79;2019;06;-0,13323353293413165
546;2019.07;7,06;2019;07;0,21934369602763382
547;2019.08;6,17;2019;08;-0,1260623229461756
548;2019.09;5,66;2019;09;-0,08265802269043754
549;2019.10;5,91;2019;10;0,044169611307420586
550;2019.11;4,66;2019;11;-0,21150592216582065
551;2019.12;4,53;2019;12;-0,027896995708154515
552;2020.01;4,66;2020;01;0,028697571743929284
553;2020.02;3,54;2020;02;-0,24034334763948495
554;2020.03;4,16;2020;03;0,17514124293785316
555;2020.04;3,41;2020;04;-0,18028846153846156
556;2020.05;2,92;2020;05;-0,1436950146627567
557;2020.06;2,55;2020;06;-0,12671232876712335
558;2020.07;2,3;2020;07;-0,0980392156862745
559;2020.08;1,94;2020;08;-0,15652173913043477
560;2020.09;1,94;2020;09;0,0
561;2020.10;1,94;2020;10;0,0
562;2020.11;1,81;2020;11;-0,0670103092783505
563;2020.12;1,94;2020;12;0,07182320441988943
564;2021.01;1,81;2021;01;-0,0670103092783505
565;2021.02;1,57;2021;02;-0,13259668508287292
566;2021.03;2,43;2021;03;0,5477707006369428
567;2021.04;2,55;2021;04;0,04938271604938249
568;2021.05;3,29;2021;05;0,29019607843137263
569;2021.06;3,78;2021;06;0,14893617021276584
570;2021.07;4,41;2021;07;0,16666666666666674
571;2021.08;5,28;2021;08;0,19727891156462585
572;2021.09;5,41;2021;09;0,024621212121212155
573;2021.10;6,04;2021;10;0,11645101663585944
574;2021.11;7,31;2021;11;0,21026490066225167
575;2021.12;9,64;2021;12;0,3187414500683996
576;2022.01;9,12;2022;01;-0,05394190871369309
577;2022.02;9,51;2022;02;0,04276315789473695
578;2022.03;11,75;2022;03;0,2355415352260779
579;2022.04;10,43;2022;04;-0,11234042553191492
580;2022.05;13,08;2022;05;0,2540747842761266
581;2022.06;12,95;2022;06;-0,00993883792048933
582;2022.07;13,08;2022;07;0,010038610038610063
583;2022.08;14,98;2022;08;0,14525993883792054
584;2022.09;13,62;2022;09;-0,09078771695594134
585;2022.10;12,95;2022;10;-0,04919236417033779
586;2022.11;12,95;2022;11;0,0
587;2022.12;14,3;2022;12;0,10424710424710426
588;2023.01;14,3;2023;01;0,0
589;2023.02;10,3;2023;02;-0,2797202797202797
